target,objective,feature_mode,model,incumbent_diet,incumbent_value,candidate_name,byproduct_type,inclusion_pct,is_observed_pct,mu,sigma,ei,predicted_improvement
FCR,Minimizar FCR,FULL_FEATURES,GP_Compuesto_NoARD,Quinoa30,1.5432158751887648,Hoja15,hoja,15.0,True,1.7399065735275934,0.069874703078587,3.094739346678967e-05,-0.19669069833882857
FCR,Minimizar FCR,FULL_FEATURES,GP_Compuesto_NoARD,Quinoa30,1.5432158751887648,Hoja16,hoja,16.0,False,1.7486590797466217,0.06850580912316707,1.5547888396753303e-05,-0.20544320455785692
FCR,Minimizar FCR,FULL_FEATURES,GP_Compuesto_NoARD,Quinoa30,1.5432158751887648,Hoja17,hoja,17.0,False,1.7570153513472522,0.0671344971599644,7.516650732599615e-06,-0.21379947615848738
FCR,Minimizar FCR,FULL_FEATURES,GP_Compuesto_NoARD,Quinoa30,1.5432158751887648,Hoja18,hoja,18.0,False,1.7653716229478826,0.06598120320992594,3.584134219904239e-06,-0.22215574775911784
FCR,Minimizar FCR,FULL_FEATURES,GP_Compuesto_NoARD,Quinoa30,1.5432158751887648,Hoja19,hoja,19.0,False,1.7737278945485129,0.06505752291583675,1.708152756054931e-06,-0.23051201935974808
FCR,Minimizar FCR,FULL_FEATURES,GP_Compuesto_NoARD,Quinoa30,1.5432158751887648,Hoja20,hoja,20.0,False,1.7820841661491433,0.06437334107894754,8.261831799507105e-07,-0.23886829096037854
FCR,Minimizar FCR,FULL_FEATURES,GP_Compuesto_NoARD,Quinoa30,1.5432158751887648,Hoja21,hoja,21.0,False,1.7904404377497738,0.06393634676922988,4.1221516433256843e-07,-0.247224562561009
FCR,Minimizar FCR,FULL_FEATURES,GP_Compuesto_NoARD,Quinoa30,1.5432158751887648,Hoja22,hoja,22.0,False,1.798796709350404,0.0637516233325138,2.1563820498149454e-07,-0.25558083416163924
FCR,Minimizar FCR,FULL_FEATURES,GP_Compuesto_NoARD,Quinoa30,1.5432158751887648,Hoja23,hoja,23.0,False,1.8071529809510345,0.06382136131165671,1.200464513349547e-07,-0.2639371057622697
FCR,Minimizar FCR,FULL_FEATURES,GP_Compuesto_NoARD,Quinoa30,1.5432158751887648,Hoja24,hoja,24.0,False,1.8155092525516647,0.06414473076272247,7.200342683409182e-08,-0.27229337736289994
FCR,Minimizar FCR,FULL_FEATURES,GP_Compuesto_NoARD,Quinoa30,1.5432158751887648,Hoja25,hoja,25.0,False,1.8238655241522952,0.06471792991419058,4.694439235051729e-08,-0.2806496489635304
FCR,Minimizar FCR,FULL_FEATURES,GP_Compuesto_NoARD,Quinoa30,1.5432158751887648,Hoja26,hoja,26.0,False,1.8322217957529257,0.06553440365900053,3.343135960555233e-08,-0.28900592056416086
FCR,Minimizar FCR,FULL_FEATURES,GP_Compuesto_NoARD,Quinoa30,1.5432158751887648,Hoja27,hoja,27.0,False,1.840578067353556,0.06658520343372366,2.6027102444615215e-08,-0.2973621921647911
FCR,Minimizar FCR,FULL_FEATURES,GP_Compuesto_NoARD,Quinoa30,1.5432158751887648,Hoja28,hoja,28.0,False,1.8489343389541864,0.0678594445341746,2.2088992831309002e-08,-0.30571846376542156
FCR,Minimizar FCR,FULL_FEATURES,GP_Compuesto_NoARD,Quinoa30,1.5432158751887648,Hoja29,hoja,29.0,False,1.8572906105548168,0.0693448105590453,2.0318704812443956e-08,-0.314074735366052
FCR,Minimizar FCR,FULL_FEATURES,GP_Compuesto_NoARD,Quinoa30,1.5432158751887648,Hoja30,hoja,30.0,True,1.8653213776471782,0.07081756314601233,1.9115017939884492e-08,-0.3221055024584134
FCR,Minimizar FCR,FULL_FEATURES,GP_Compuesto_NoARD,Quinoa30,1.5432158751887648,Hoja31,hoja,31.0,False,1.872507455627085,0.07225348626214341,1.889304706190516e-08,-0.3292915804383203
FCR,Minimizar FCR,FULL_FEATURES,GP_Compuesto_NoARD,Quinoa30,1.5432158751887648,Hoja32,hoja,32.0,False,1.8793680290987342,0.07358657898442661,1.8460090527502027e-08,-0.33615215390996944
FCR,Minimizar FCR,FULL_FEATURES,GP_Compuesto_NoARD,Quinoa30,1.5432158751887648,Hoja33,hoja,33.0,False,1.8862286025703778,0.07502159637098373,1.8679984227837623e-08,-0.34301272738161304
FCR,Minimizar FCR,FULL_FEATURES,GP_Compuesto_NoARD,Quinoa30,1.5432158751887648,Hoja34,hoja,34.0,False,1.8930891760420214,0.07655280676299792,1.9502358160136886e-08,-0.34987330085325663
FCR,Minimizar FCR,FULL_FEATURES,GP_Compuesto_NoARD,Quinoa30,1.5432158751887648,Hoja35,hoja,35.0,False,1.899949749513665,0.0781745579479511,2.092758028916749e-08,-0.3567338743249002
FCR,Minimizar FCR,FULL_FEATURES,GP_Compuesto_NoARD,Quinoa30,1.5432158751887648,Hoja36,hoja,36.0,False,1.9068103229853086,0.07988133563758676,2.2996901850025636e-08,-0.3635944477965438
FCR,Minimizar FCR,FULL_FEATURES,GP_Compuesto_NoARD,Quinoa30,1.5432158751887648,Hoja37,hoja,37.0,False,1.9136708964569522,0.08166780909241149,2.5787822072104747e-08,-0.3704550212681874
FCR,Minimizar FCR,FULL_FEATURES,GP_Compuesto_NoARD,Quinoa30,1.5432158751887648,Hoja38,hoja,38.0,False,1.9205314699285956,0.083528864989816,2.941275009409495e-08,-0.3773155947398308
FCR,Minimizar FCR,FULL_FEATURES,GP_Compuesto_NoARD,Quinoa30,1.5432158751887648,Hoja39,hoja,39.0,False,1.9273920434002394,0.08545963091917613,3.4019816658806137e-08,-0.3841761682114746
FCR,Minimizar FCR,FULL_FEATURES,GP_Compuesto_NoARD,Quinoa30,1.5432158751887648,Hoja40,hoja,40.0,False,1.9342526168718828,0.08745549001074358,3.979512159867739e-08,-0.39103674168311797
FCR,Minimizar FCR,FULL_FEATURES,GP_Compuesto_NoARD,Quinoa30,1.5432158751887648,Hoja41,hoja,41.0,False,1.9411131903435264,0.08951208820611489,4.696594624491583e-08,-0.39789731515476157
FCR,Minimizar FCR,FULL_FEATURES,GP_Compuesto_NoARD,Quinoa30,1.5432158751887648,Hoja42,hoja,42.0,False,1.94797376381517,0.09162533559470258,5.580459631814378e-08,-0.40475788862640516
FCR,Minimizar FCR,FULL_FEATURES,GP_Compuesto_NoARD,Quinoa30,1.5432158751887648,Hoja43,hoja,43.0,False,1.9548343372868136,0.09379140310543932,6.663261768376817e-08,-0.41161846209804875
FCR,Minimizar FCR,FULL_FEATURES,GP_Compuesto_NoARD,Quinoa30,1.5432158751887648,Hoja44,hoja,44.0,False,1.9616949107584571,0.096006715681533,7.98251716021464e-08,-0.41847903556969235
FCR,Minimizar FCR,FULL_FEATURES,GP_Compuesto_NoARD,Quinoa30,1.5432158751887648,Hoja45,hoja,45.0,False,1.9685554842301007,0.09826794289718785,9.581538349542068e-08,-0.42533960904133594
FCR,Minimizar FCR,FULL_FEATURES,GP_Compuesto_NoARD,Quinoa30,1.5432158751887648,Hoja46,hoja,46.0,False,1.9754160577017443,0.10057198781150639,1.150984989628192e-07,-0.43220018251297954
FCR,Minimizar FCR,FULL_FEATURES,GP_Compuesto_NoARD,Quinoa30,1.5432158751887648,Hoja47,hoja,47.0,False,1.982276631173388,0.10291597470409135,1.3823569804495152e-07,-0.43906075598462313
FCR,Minimizar FCR,FULL_FEATURES,GP_Compuesto_NoARD,Quinoa30,1.5432158751887648,Hoja48,hoja,48.0,False,1.9891372046450313,0.10529723620328839,1.6585743636094291e-07,-0.4459213294562665
FCR,Minimizar FCR,FULL_FEATURES,GP_Compuesto_NoARD,Quinoa30,1.5432158751887648,Hoja49,hoja,49.0,False,1.995997778116686,0.10771330020304265,1.9866620095986673e-07,-0.4527819029279212
FCR,Minimizar FCR,FULL_FEATURES,GP_Compuesto_NoARD,Quinoa30,1.5432158751887648,Hoja50,hoja,50.0,True,2.00348691393446,0.10994283305215508,2.217148832126432e-07,-0.4602710387456954
FCR,Minimizar FCR,FULL_FEATURES,GP_Compuesto_NoARD,Quinoa30,1.5432158751887648,Orujo30,orujo,30.0,True,1.7636689977704065,0.07210107805303431,1.3543459082476707e-05,-0.22045312258164174
FCR,Minimizar FCR,FULL_FEATURES,GP_Compuesto_NoARD,Quinoa30,1.5432158751887648,Orujo31,orujo,31.0,False,1.7697331247892008,0.07028820283932366,6.976216081901323e-06,-0.22651724960043595
FCR,Minimizar FCR,FULL_FEATURES,GP_Compuesto_NoARD,Quinoa30,1.5432158751887648,Orujo32,orujo,32.0,False,1.7760720084891826,0.06834038818754597,3.224686681964364e-06,-0.23285613330041777
FCR,Minimizar FCR,FULL_FEATURES,GP_Compuesto_NoARD,Quinoa30,1.5432158751887648,Orujo33,orujo,33.0,False,1.782410892189172,0.06647899681499218,1.4070875790379195e-06,-0.23919501700040713
FCR,Minimizar FCR,FULL_FEATURES,GP_Compuesto_NoARD,Quinoa30,1.5432158751887648,Orujo34,orujo,34.0,False,1.7887497758891613,0.06471148690991821,5.794327263422304e-07,-0.2455339007003965
FCR,Minimizar FCR,FULL_FEATURES,GP_Compuesto_NoARD,Quinoa30,1.5432158751887648,Orujo35,orujo,35.0,False,1.7950886595891506,0.06304575496668105,2.2547639465930284e-07,-0.25187278440038585
FCR,Minimizar FCR,FULL_FEATURES,GP_Compuesto_NoARD,Quinoa30,1.5432158751887648,Orujo36,orujo,36.0,False,1.8014275432891398,0.06149007286714306,8.318682299383938e-08,-0.258211668100375
FCR,Minimizar FCR,FULL_FEATURES,GP_Compuesto_NoARD,Quinoa30,1.5432158751887648,Orujo37,orujo,37.0,False,1.8077664269891291,0.060052993795112676,2.9265785678679385e-08,-0.26455055180036435
FCR,Minimizar FCR,FULL_FEATURES,GP_Compuesto_NoARD,Quinoa30,1.5432158751887648,Orujo38,orujo,38.0,False,1.8141053106891185,0.05874322281733123,9.902338111885919e-09,-0.2708894355003537
FCR,Minimizar FCR,FULL_FEATURES,GP_Compuesto_NoARD,Quinoa30,1.5432158751887648,Orujo39,orujo,39.0,False,1.8204441943891079,0.05756944980490007,3.260211483046454e-09,-0.2772283192003431
FCR,Minimizar FCR,FULL_FEATURES,GP_Compuesto_NoARD,Quinoa30,1.5432158751887648,Orujo40,orujo,40.0,False,1.826783078089097,0.05654014534269161,1.0600210997842673e-09,-0.2835672029003322
FCR,Minimizar FCR,FULL_FEATURES,GP_Compuesto_NoARD,Quinoa30,1.5432158751887648,Orujo41,orujo,41.0,False,1.8331219617890864,0.05566332437582201,3.464672073618217e-10,-0.2899060866003216
FCR,Minimizar FCR,FULL_FEATURES,GP_Compuesto_NoARD,Quinoa30,1.5432158751887648,Orujo42,orujo,42.0,False,1.8394608454890757,0.05494628728517306,1.1616306531451686e-10,-0.29624497030031094
FCR,Minimizar FCR,FULL_FEATURES,GP_Compuesto_NoARD,Quinoa30,1.5432158751887648,Orujo43,orujo,43.0,False,1.845799729189065,0.05439535322932522,4.083136375318956e-11,-0.3025838540003003
FCR,Minimizar FCR,FULL_FEATURES,GP_Compuesto_NoARD,Quinoa30,1.5432158751887648,Orujo44,orujo,44.0,False,1.8521386128890542,0.05401560496859085,1.5383933120064818e-11,-0.30892273770028944
FCR,Minimizar FCR,FULL_FEATURES,GP_Compuesto_NoARD,Quinoa30,1.5432158751887648,Orujo45,orujo,45.0,False,1.8584774965890436,0.05381066686042975,6.345620704593959e-12,-0.3152616214002788
FCR,Minimizar FCR,FULL_FEATURES,GP_Compuesto_NoARD,Quinoa30,1.5432158751887648,Orujo46,orujo,46.0,False,1.864816380289033,0.05378253728178831,2.9196225039906035e-12,-0.32160050510026816
FCR,Minimizar FCR,FULL_FEATURES,GP_Compuesto_NoARD,Quinoa30,1.5432158751887648,Orujo47,orujo,47.0,False,1.8711552639890223,0.053931492892661984,1.5208840377563535e-12,-0.3279393888002575
FCR,Minimizar FCR,FULL_FEATURES,GP_Compuesto_NoARD,Quinoa30,1.5432158751887648,Orujo48,orujo,48.0,False,1.8774941476890117,0.05425607519400064,9.061185664938103e-13,-0.3342782725002469
FCR,Minimizar FCR,FULL_FEATURES,GP_Compuesto_NoARD,Quinoa30,1.5432158751887648,Orujo49,orujo,49.0,False,1.8838330313889884,0.05475316087628082,6.204426939927564e-13,-0.3406171562002236
FCR,Minimizar FCR,FULL_FEATURES,GP_Compuesto_NoARD,Quinoa30,1.5432158751887648,Orujo50,orujo,50.0,True,1.8897025243815828,0.05525485373412966,4.5325961232149843e-13,-0.346486649192818
FCR,Minimizar FCR,FULL_FEATURES,GP_Compuesto_NoARD,Quinoa30,1.5432158751887648,Orujo51,orujo,51.0,False,1.8932545444017952,0.055893464644631165,4.90995780907191e-13,-0.3500386692130304
FCR,Minimizar FCR,FULL_FEATURES,GP_Compuesto_NoARD,Quinoa30,1.5432158751887648,Orujo52,orujo,52.0,False,1.8963371739190205,0.056445831376872924,5.247622346091863e-13,-0.35312129873025566
FCR,Minimizar FCR,FULL_FEATURES,GP_Compuesto_NoARD,Quinoa30,1.5432158751887648,Orujo53,orujo,53.0,False,1.8994198033340355,0.057072972367810074,5.934831853584434e-13,-0.3562039281452707
FCR,Minimizar FCR,FULL_FEATURES,GP_Compuesto_NoARD,Quinoa30,1.5432158751887648,Orujo54,orujo,54.0,False,1.9025024327490507,0.057772452597264226,7.070605024931833e-13,-0.35928655756028594
FCR,Minimizar FCR,FULL_FEATURES,GP_Compuesto_NoARD,Quinoa30,1.5432158751887648,Orujo55,orujo,55.0,False,1.9055850621640658,0.058541679105107346,8.830173873555602e-13,-0.36236918697530096
FCR,Minimizar FCR,FULL_FEATURES,GP_Compuesto_NoARD,Quinoa30,1.5432158751887648,Orujo56,orujo,56.0,False,1.908667691579081,0.05937794131597588,1.1500168842015068e-12,-0.3654518163903162
FCR,Minimizar FCR,FULL_FEATURES,GP_Compuesto_NoARD,Quinoa30,1.5432158751887648,Orujo57,orujo,57.0,False,1.911750320994096,0.060278449271173845,1.5537562889188017e-12,-0.36853444580533123
FCR,Minimizar FCR,FULL_FEATURES,GP_Compuesto_NoARD,Quinoa30,1.5432158751887648,Orujo58,orujo,58.0,False,1.9148329504091113,0.061240368934938366,2.1664548853307882e-12,-0.3716170752203465
FCR,Minimizar FCR,FULL_FEATURES,GP_Compuesto_NoARD,Quinoa30,1.5432158751887648,Orujo59,orujo,59.0,False,1.9179155798241263,0.06226085397079889,3.101849621284678e-12,-0.3746997046353615
FCR,Minimizar FCR,FULL_FEATURES,GP_Compuesto_NoARD,Quinoa30,1.5432158751887648,Orujo60,orujo,60.0,False,1.9209982092391416,0.06333707363144284,4.538608891095064e-12,-0.37778233405037676
FCR,Minimizar FCR,FULL_FEATURES,GP_Compuesto_NoARD,Quinoa30,1.5432158751887648,Orujo61,orujo,61.0,False,1.9240808386541566,0.06446623662315315,6.756483404162829e-12,-0.3808649634653918
FCR,Minimizar FCR,FULL_FEATURES,GP_Compuesto_NoARD,Quinoa30,1.5432158751887648,Orujo62,orujo,62.0,False,1.9271634680691716,0.06564561098539509,1.0191466373324445e-11,-0.3839475928804068
FCR,Minimizar FCR,FULL_FEATURES,GP_Compuesto_NoARD,Quinoa30,1.5432158751887648,Orujo63,orujo,63.0,False,1.9302460974841869,0.0668725401646682,1.551887378925741e-11,-0.38703022229542206
FCR,Minimizar FCR,FULL_FEATURES,GP_Compuesto_NoARD,Quinoa30,1.5432158751887648,Orujo64,orujo,64.0,False,1.9333287268992019,0.06814445556052519,2.3776715936345956e-11,-0.3901128517104371
FCR,Minimizar FCR,FULL_FEATURES,GP_Compuesto_NoARD,Quinoa30,1.5432158751887648,Orujo65,orujo,65.0,False,1.9364113563142171,0.06945888588468364,3.654612435963342e-11,-0.39319548112545233
FCR,Minimizar FCR,FULL_FEATURES,GP_Compuesto_NoARD,Quinoa30,1.5432158751887648,Orujo66,orujo,66.0,False,1.9394939857292322,0.07081346370697113,5.6210981126362304e-11,-0.39627811054046735
FCR,Minimizar FCR,FULL_FEATURES,GP_Compuesto_NoARD,Quinoa30,1.5432158751887648,Orujo67,orujo,67.0,False,1.9425766151442474,0.07220592957057896,8.632524049800816e-11,-0.3993607399554826
FCR,Minimizar FCR,FULL_FEATURES,GP_Compuesto_NoARD,Quinoa30,1.5432158751887648,Orujo68,orujo,68.0,False,1.9456592445592624,0.07363413404977483,1.321235911505576e-10,-0.40244336937049763
FCR,Minimizar FCR,FULL_FEATURES,GP_Compuesto_NoARD,Quinoa30,1.5432158751887648,Orujo69,orujo,69.0,False,1.9487418739453957,0.07509603805218494,2.012187890122157e-10,-0.40552599875663087
FCR,Minimizar FCR,FULL_FEATURES,GP_Compuesto_NoARD,Quinoa30,1.5432158751887648,Orujo70,orujo,70.0,True,1.951691866132412,0.07636244096646862,2.790601723161506e-10,-0.4084759909436473
FCR,Minimizar FCR,FULL_FEATURES,GP_Compuesto_NoARD,Quinoa30,1.5432158751887648,Orujo71,orujo,71.0,False,1.957904697708959,0.07779855880260755,3.2173199978439713e-10,-0.4146888225201941
FCR,Minimizar FCR,FULL_FEATURES,GP_Compuesto_NoARD,Quinoa30,1.5432158751887648,Orujo72,orujo,72.0,False,1.9639848920286782,0.07908320170370338,3.5014836037462825e-10,-0.4207690168399134
FCR,Minimizar FCR,FULL_FEATURES,GP_Compuesto_NoARD,Quinoa30,1.5432158751887648,Orujo73,orujo,73.0,False,1.970065086348371,0.08044000937780874,3.912947118276898e-10,-0.4268492111596063
FCR,Minimizar FCR,FULL_FEATURES,GP_Compuesto_NoARD,Quinoa30,1.5432158751887648,Orujo74,orujo,74.0,False,1.976145280668064,0.0818653938044019,4.4757575524894376e-10,-0.43292940547929915
FCR,Minimizar FCR,FULL_FEATURES,GP_Compuesto_NoARD,Quinoa30,1.5432158751887648,Orujo75,orujo,75.0,False,1.9822254749877568,0.08335583707127023,5.224050037122374e-10,-0.439009599798992
FCR,Minimizar FCR,FULL_FEATURES,GP_Compuesto_NoARD,Quinoa30,1.5432158751887648,Orujo76,orujo,76.0,False,1.9883056693074495,0.0849079131884007,6.203880431075047e-10,-0.44508979411868466
FCR,Minimizar FCR,FULL_FEATURES,GP_Compuesto_NoARD,Quinoa30,1.5432158751887648,Orujo77,orujo,77.0,False,1.9943858636271423,0.08651830527247009,7.47574884685184e-10,-0.4511699884383775
FCR,Minimizar FCR,FULL_FEATURES,GP_Compuesto_NoARD,Quinoa30,1.5432158751887648,Orujo78,orujo,78.0,False,2.000466057946835,0.08818381852407034,9.117842385878954e-10,-0.4572501827580704
FCR,Minimizar FCR,FULL_FEATURES,GP_Compuesto_NoARD,Quinoa30,1.5432158751887648,Orujo79,orujo,79.0,False,2.006546252266528,0.0899013894709449,1.1230048665134717e-09,-0.46333037707776303
FCR,Minimizar FCR,FULL_FEATURES,GP_Compuesto_NoARD,Quinoa30,1.5432158751887648,Orujo80,orujo,80.0,False,2.012626446586221,0.09166809196869634,1.3938803044115716e-09,-0.4694105713974561
FCR,Minimizar FCR,FULL_FEATURES,GP_Compuesto_NoARD,Quinoa30,1.5432158751887648,Orujo81,orujo,81.0,False,2.0187066409059136,0.09348114044346444,1.7402834632100342e-09,-0.47549076571714877
FCR,Minimizar FCR,FULL_FEATURES,GP_Compuesto_NoARD,Quinoa30,1.5432158751887648,Orujo82,orujo,82.0,False,2.024786835225606,0.09533789083619676,2.1819870707694755e-09,-0.4815709600368414
FCR,Minimizar FCR,FULL_FEATURES,GP_Compuesto_NoARD,Quinoa30,1.5432158751887648,Orujo83,orujo,83.0,False,2.0308670295452993,0.09723583967155808,2.74343470880253e-09,-0.4876511543565345
FCR,Minimizar FCR,FULL_FEATURES,GP_Compuesto_NoARD,Quinoa30,1.5432158751887648,Orujo84,orujo,84.0,False,2.036947223864992,0.09917262163130407,3.4546154050596057e-09,-0.49373134867622714
FCR,Minimizar FCR,FULL_FEATURES,GP_Compuesto_NoARD,Quinoa30,1.5432158751887648,Orujo85,orujo,85.0,False,2.043027418184685,0.1011460059659953,4.352042449896976e-09,-0.49981154299592023
FCR,Minimizar FCR,FULL_FEATURES,GP_Compuesto_NoARD,Quinoa30,1.5432158751887648,Orujo86,orujo,86.0,False,2.0491076125043777,0.1031538920330931,5.4798344195361865e-09,-0.5058917373156129
FCR,Minimizar FCR,FULL_FEATURES,GP_Compuesto_NoARD,Quinoa30,1.5432158751887648,Orujo87,orujo,87.0,False,2.0551878068240703,0.10519430420574766,6.890893426524275e-09,-0.5119719316353055
FCR,Minimizar FCR,FULL_FEATURES,GP_Compuesto_NoARD,Quinoa30,1.5432158751887648,Orujo88,orujo,88.0,False,2.0612680011437634,0.10726538635618785,8.648172517249114e-09,-0.5180521259549986
FCR,Minimizar FCR,FULL_FEATURES,GP_Compuesto_NoARD,Quinoa30,1.5432158751887648,Orujo89,orujo,89.0,False,2.0673481954635347,0.10936539608120097,1.0826021042091043e-08,-0.5241323202747699
FCR,Minimizar FCR,FULL_FEATURES,GP_Compuesto_NoARD,Quinoa30,1.5432158751887648,Orujo90,orujo,90.0,True,2.0738216128193034,0.11127098863061273,1.2587173220562719e-08,-0.5306057376305386
FCR,Minimizar FCR,FULL_FEATURES,GP_Compuesto_NoARD,Quinoa30,1.5432158751887648,Quinoa15,quinoa,15.0,True,1.7234268692588004,0.06528456644026698,3.37455977760594e-05,-0.1802109940700356
FCR,Minimizar FCR,FULL_FEATURES,GP_Compuesto_NoARD,Quinoa30,1.5432158751887648,Quinoa16,quinoa,16.0,False,1.726450161469723,0.06492298686183413,2.6964571586994622e-05,-0.18323428628095817
FCR,Minimizar FCR,FULL_FEATURES,GP_Compuesto_NoARD,Quinoa30,1.5432158751887648,Quinoa17,quinoa,17.0,False,1.7296420393146301,0.06443151102872156,2.0716809380460816e-05,-0.18642616412586532
FCR,Minimizar FCR,FULL_FEATURES,GP_Compuesto_NoARD,Quinoa30,1.5432158751887648,Quinoa18,quinoa,18.0,False,1.7328339175693424,0.06400533724323078,1.5978931189576038e-05,-0.18961804238057756
FCR,Minimizar FCR,FULL_FEATURES,GP_Compuesto_NoARD,Quinoa30,1.5432158751887648,Quinoa19,quinoa,19.0,False,1.7360257958240546,0.06364577778632202,1.2392698339225137e-05,-0.1928099206352898
FCR,Minimizar FCR,FULL_FEATURES,GP_Compuesto_NoARD,Quinoa30,1.5432158751887648,Quinoa20,quinoa,20.0,False,1.7392176740787666,0.06335396685814397,9.680211025924981e-06,-0.1960017988900018
FCR,Minimizar FCR,FULL_FEATURES,GP_Compuesto_NoARD,Quinoa30,1.5432158751887648,Quinoa21,quinoa,21.0,False,1.7424095523334788,0.06313084393171435,7.627940932719191e-06,-0.19919367714471403
FCR,Minimizar FCR,FULL_FEATURES,GP_Compuesto_NoARD,Quinoa30,1.5432158751887648,Quinoa22,quinoa,22.0,False,1.745601430588191,0.06297713907942222,6.073178570460022e-06,-0.20238555539942626
FCR,Minimizar FCR,FULL_FEATURES,GP_Compuesto_NoARD,Quinoa30,1.5432158751887648,Quinoa23,quinoa,23.0,False,1.748793308842903,0.06289336125504857,4.89280747248248e-06,-0.20557743365413828
FCR,Minimizar FCR,FULL_FEATURES,GP_Compuesto_NoARD,Quinoa30,1.5432158751887648,Quinoa24,quinoa,24.0,False,1.7519851870976153,0.0628797899608288,3.994202999952381e-06,-0.2087693119088505
FCR,Minimizar FCR,FULL_FEATURES,GP_Compuesto_NoARD,Quinoa30,1.5432158751887648,Quinoa25,quinoa,25.0,False,1.7551770653523275,0.0629364706136958,3.3079917152725117e-06,-0.21196119016356274
FCR,Minimizar FCR,FULL_FEATURES,GP_Compuesto_NoARD,Quinoa30,1.5432158751887648,Quinoa26,quinoa,26.0,False,1.7583689436070398,0.0630632137884677,2.782385250644904e-06,-0.21515306841827497
FCR,Minimizar FCR,FULL_FEATURES,GP_Compuesto_NoARD,Quinoa30,1.5432158751887648,Quinoa27,quinoa,27.0,False,1.7615608218617518,0.0632595983672211,2.3788090607483047e-06,-0.21834494667298698
FCR,Minimizar FCR,FULL_FEATURES,GP_Compuesto_NoARD,Quinoa30,1.5432158751887648,Quinoa28,quinoa,28.0,False,1.7647527001164638,0.06352497847355006,2.06857083959589e-06,-0.221536824927699
FCR,Minimizar FCR,FULL_FEATURES,GP_Compuesto_NoARD,Quinoa30,1.5432158751887648,Quinoa29,quinoa,29.0,False,1.767944576714039,0.0638584934717983,1.8303469970487342e-06,-0.22472870152527413
FCR,Minimizar FCR,FULL_FEATURES,GP_Compuesto_NoARD,Quinoa30,1.5432158751887648,Quinoa30,quinoa,30.0,True,1.7704547400993282,0.06406904147455449,1.6410894873603015e-06,-0.22723886491056344
FCR,Minimizar FCR,FULL_FEATURES,GP_Compuesto_NoARD,Quinoa30,1.5432158751887648,Quinoa31,quinoa,31.0,False,1.7744284964345414,0.06430071521734598,1.3448091803868493e-06,-0.23121262124577657
FCR,Minimizar FCR,FULL_FEATURES,GP_Compuesto_NoARD,Quinoa30,1.5432158751887648,Quinoa32,quinoa,32.0,False,1.7777205400394485,0.06440932137546267,1.1148123452216517e-06,-0.23450466485068366
FCR,Minimizar FCR,FULL_FEATURES,GP_Compuesto_NoARD,Quinoa30,1.5432158751887648,Quinoa33,quinoa,33.0,False,1.781012581746229,0.0645845628750159,9.398351659760618e-07,-0.2377967065574642
FCR,Minimizar FCR,FULL_FEATURES,GP_Compuesto_NoARD,Quinoa30,1.5432158751887648,Quinoa34,quinoa,34.0,False,1.784304623453009,0.06482589983818768,8.063303380201695e-07,-0.2410887482642443
FCR,Minimizar FCR,FULL_FEATURES,GP_Compuesto_NoARD,Quinoa30,1.5432158751887648,Quinoa35,quinoa,35.0,False,1.7875966651597892,0.06513259755505856,7.043611075947341e-07,-0.24438078997102441
FCR,Minimizar FCR,FULL_FEATURES,GP_Compuesto_NoARD,Quinoa30,1.5432158751887648,Quinoa36,quinoa,36.0,False,1.7908887068665695,0.06550373794732875,6.266348418494526e-07,-0.24767283167780474
FCR,Minimizar FCR,FULL_FEATURES,GP_Compuesto_NoARD,Quinoa30,1.5432158751887648,Quinoa37,quinoa,37.0,False,1.7941807485733496,0.06593823285651526,5.677982888015799e-07,-0.25096487338458484
FCR,Minimizar FCR,FULL_FEATURES,GP_Compuesto_NoARD,Quinoa30,1.5432158751887648,Quinoa38,quinoa,38.0,False,1.79747279028013,0.06643483924698214,5.239256489710606e-07,-0.25425691509136517
FCR,Minimizar FCR,FULL_FEATURES,GP_Compuesto_NoARD,Quinoa30,1.5432158751887648,Quinoa39,quinoa,39.0,False,1.80076483198691,0.06699217585411975,4.921477695088024e-07,-0.25754895679814527
FCR,Minimizar FCR,FULL_FEATURES,GP_Compuesto_NoARD,Quinoa30,1.5432158751887648,Quinoa40,quinoa,40.0,False,1.8040568736936904,0.06760874079533553,4.7038415631856263e-07,-0.2608409985049256
FCR,Minimizar FCR,FULL_FEATURES,GP_Compuesto_NoARD,Quinoa30,1.5432158751887648,Quinoa41,quinoa,41.0,False,1.8073489154004705,0.06828292967174922,4.57149693110542e-07,-0.2641330402117057
FCR,Minimizar FCR,FULL_FEATURES,GP_Compuesto_NoARD,Quinoa30,1.5432158751887648,Quinoa42,quinoa,42.0,False,1.8106409571072506,0.0690130537184658,4.514155886749555e-07,-0.2674250819184858
FCR,Minimizar FCR,FULL_FEATURES,GP_Compuesto_NoARD,Quinoa30,1.5432158751887648,Quinoa43,quinoa,43.0,False,1.813932998814031,0.0697973576068841,4.5250971158127687e-07,-0.2707171236252661
FCR,Minimizar FCR,FULL_FEATURES,GP_Compuesto_NoARD,Quinoa30,1.5432158751887648,Quinoa44,quinoa,44.0,False,1.817225040520811,0.07063403655903643,4.600455918086087e-07,-0.2740091653320462
FCR,Minimizar FCR,FULL_FEATURES,GP_Compuesto_NoARD,Quinoa30,1.5432158751887648,Quinoa45,quinoa,45.0,False,1.8205170822275913,0.07152125249677847,4.738723548298544e-07,-0.27730120703882655
FCR,Minimizar FCR,FULL_FEATURES,GP_Compuesto_NoARD,Quinoa30,1.5432158751887648,Quinoa46,quinoa,46.0,False,1.8238091239343714,0.07245714901344938,4.940400036062497e-07,-0.28059324874560665
FCR,Minimizar FCR,FULL_FEATURES,GP_Compuesto_NoARD,Quinoa30,1.5432158751887648,Quinoa47,quinoa,47.0,False,1.8271011656411518,0.0734398650187423,5.20776004160544e-07,-0.283885290452387
FCR,Minimizar FCR,FULL_FEATURES,GP_Compuesto_NoARD,Quinoa30,1.5432158751887648,Quinoa48,quinoa,48.0,False,1.830393207347932,0.07446754696610855,5.544702296234263e-07,-0.2871773321591673
FCR,Minimizar FCR,FULL_FEATURES,GP_Compuesto_NoARD,Quinoa30,1.5432158751887648,Quinoa49,quinoa,49.0,False,1.8336852506476446,0.07553835899609858,5.956659526942776e-07,-0.29046937545887985
FCR,Minimizar FCR,FULL_FEATURES,GP_Compuesto_NoARD,Quinoa30,1.5432158751887648,Quinoa50,quinoa,50.0,True,1.8375493960003353,0.07642304109253792,5.907475246809536e-07,-0.2943335208115705
Quitina,Maximizar Quitina,REDUCED_FEATURES,GP_Compuesto_NoARD,Orujo70,15.31837764643533,Hoja15,hoja,15.0,True,8.719232705769459,0.8489654990059773,3.6867722246686983e-16,-6.599144940665871
Quitina,Maximizar Quitina,REDUCED_FEATURES,GP_Compuesto_NoARD,Orujo70,15.31837764643533,Hoja16,hoja,16.0,False,8.785122272603274,0.8292136990233858,1.5291686528100557e-16,-6.533255373832056
Quitina,Maximizar Quitina,REDUCED_FEATURES,GP_Compuesto_NoARD,Orujo70,15.31837764643533,Hoja17,hoja,17.0,False,8.850907245917059,0.8109424435019633,6.781880648875546e-17,-6.4674704005182715
Quitina,Maximizar Quitina,REDUCED_FEATURES,GP_Compuesto_NoARD,Orujo70,15.31837764643533,Hoja18,hoja,18.0,False,8.916638638763429,0.7941653630370533,3.262277309280217e-17,-6.401739007671901
Quitina,Maximizar Quitina,REDUCED_FEATURES,GP_Compuesto_NoARD,Orujo70,15.31837764643533,Hoja19,hoja,19.0,False,8.98235951773668,0.7789075125168033,1.7284661346316076e-17,-6.336018128698649
Quitina,Maximizar Quitina,REDUCED_FEATURES,GP_Compuesto_NoARD,Orujo70,15.31837764643533,Hoja20,hoja,20.0,False,9.04809749549335,0.7652151805649083,1.0261660034676738e-17,-6.27028015094198
Quitina,Maximizar Quitina,REDUCED_FEATURES,GP_Compuesto_NoARD,Orujo70,15.31837764643533,Hoja21,hoja,21.0,False,9.113866592525904,0.7531511820628403,6.951824122465914e-18,-6.204511053909426
Quitina,Maximizar Quitina,REDUCED_FEATURES,GP_Compuesto_NoARD,Orujo70,15.31837764643533,Hoja22,hoja,22.0,False,9.179671414750018,0.7427864686387818,5.471686307186756e-18,-6.138706231685312
Quitina,Maximizar Quitina,REDUCED_FEATURES,GP_Compuesto_NoARD,Orujo70,15.31837764643533,Hoja23,hoja,23.0,False,9.245510997278833,0.7341924311910862,5.085950953614347e-18,-6.072866649156497
Quitina,Maximizar Quitina,REDUCED_FEATURES,GP_Compuesto_NoARD,Orujo70,15.31837764643533,Hoja24,hoja,24.0,False,9.311381573990426,0.7274354656707707,5.657150205450636e-18,-6.006996072444904
Quitina,Maximizar Quitina,REDUCED_FEATURES,GP_Compuesto_NoARD,Orujo70,15.31837764643533,Hoja25,hoja,25.0,False,9.377278272490033,0.722574316644516,7.598159807841176e-18,-5.941099373945297
Quitina,Maximizar Quitina,REDUCED_FEATURES,GP_Compuesto_NoARD,Orujo70,15.31837764643533,Hoja26,hoja,26.0,False,9.443195960481146,0.7196603384361666,1.237293786388744e-17,-5.875181685954184
Quitina,Maximizar Quitina,REDUCED_FEATURES,GP_Compuesto_NoARD,Orujo70,15.31837764643533,Hoja27,hoja,27.0,False,9.509129501270873,0.7187404438449094,2.4402225179336834e-17,-5.809248145164457
Quitina,Maximizar Quitina,REDUCED_FEATURES,GP_Compuesto_NoARD,Orujo70,15.31837764643533,Hoja28,hoja,28.0,False,9.575073673093637,0.7198615052509669,5.793963155402007e-17,-5.743303973341693
Quitina,Maximizar Quitina,REDUCED_FEATURES,GP_Compuesto_NoARD,Orujo70,15.31837764643533,Hoja29,hoja,29.0,False,9.641023069556919,0.7230724031915611,1.6385894725289017e-16,-5.677354576878411
Quitina,Maximizar Quitina,REDUCED_FEATURES,GP_Compuesto_NoARD,Orujo70,15.31837764643533,Hoja30,hoja,30.0,True,9.706972533351342,0.7284142002872944,5.432488023044888e-16,-5.611405113083988
Quitina,Maximizar Quitina,REDUCED_FEATURES,GP_Compuesto_NoARD,Orujo70,15.31837764643533,Hoja31,hoja,31.0,False,9.768158495109533,0.7334393965522791,1.6052186818619152e-15,-5.550219151325797
Quitina,Maximizar Quitina,REDUCED_FEATURES,GP_Compuesto_NoARD,Orujo70,15.31837764643533,Hoja32,hoja,32.0,False,9.829342967350739,0.7397999456161238,5.101782366003534e-15,-5.489034679084591
Quitina,Maximizar Quitina,REDUCED_FEATURES,GP_Compuesto_NoARD,Orujo70,15.31837764643533,Hoja33,hoja,33.0,False,9.89052802363198,0.7474234811372663,1.7119432618597492e-14,-5.42784962280335
Quitina,Maximizar Quitina,REDUCED_FEATURES,GP_Compuesto_NoARD,Orujo70,15.31837764643533,Hoja34,hoja,34.0,False,9.951715933661784,0.7562347055305908,5.957991874821497e-14,-5.366661712773546
Quitina,Maximizar Quitina,REDUCED_FEATURES,GP_Compuesto_NoARD,Orujo70,15.31837764643533,Hoja35,hoja,35.0,False,10.01290878969475,0.7661640864994186,2.1163986647927958e-13,-5.30546885674058
Quitina,Maximizar Quitina,REDUCED_FEATURES,GP_Compuesto_NoARD,Orujo70,15.31837764643533,Hoja36,hoja,36.0,False,10.074108495562566,0.7771492715001528,7.566785356974167e-13,-5.244269150872764
Quitina,Maximizar Quitina,REDUCED_FEATURES,GP_Compuesto_NoARD,Orujo70,15.31837764643533,Hoja37,hoja,37.0,False,10.135316889036543,0.789133738247666,2.690479059023826e-12,-5.183060757398787
Quitina,Maximizar Quitina,REDUCED_FEATURES,GP_Compuesto_NoARD,Orujo70,15.31837764643533,Hoja38,hoja,38.0,False,10.196535884100506,0.8020648371120365,9.417476274424479e-12,-5.1218417623348245
Quitina,Maximizar Quitina,REDUCED_FEATURES,GP_Compuesto_NoARD,Orujo70,15.31837764643533,Hoja39,hoja,39.0,False,10.257767574440841,0.8158921344998895,3.217640726317277e-11,-5.060610071994489
Quitina,Maximizar Quitina,REDUCED_FEATURES,GP_Compuesto_NoARD,Orujo70,15.31837764643533,Hoja40,hoja,40.0,False,10.319014259848954,0.8305663664958802,1.0656649127245261e-10,-4.999363386586376
Quitina,Maximizar Quitina,REDUCED_FEATURES,GP_Compuesto_NoARD,Orujo70,15.31837764643533,Hoja41,hoja,41.0,False,10.38027835816886,0.8460390662782943,3.402394863242679e-10,-4.93809928826647
Quitina,Maximizar Quitina,REDUCED_FEATURES,GP_Compuesto_NoARD,Orujo70,15.31837764643533,Hoja42,hoja,42.0,False,10.441562155643961,0.8622628644023131,1.0428005570489552e-09,-4.876815490791369
Quitina,Maximizar Quitina,REDUCED_FEATURES,GP_Compuesto_NoARD,Orujo70,15.31837764643533,Hoja43,hoja,43.0,False,10.502867334724286,0.879192478622553,3.0589064717643878e-09,-4.815510311711044
Quitina,Maximizar Quitina,REDUCED_FEATURES,GP_Compuesto_NoARD,Orujo70,15.31837764643533,Hoja44,hoja,44.0,False,10.564194209101109,0.896786447282449,8.571449643314157e-09,-4.7541834373342216
Quitina,Maximizar Quitina,REDUCED_FEATURES,GP_Compuesto_NoARD,Orujo70,15.31837764643533,Hoja45,hoja,45.0,False,10.625540606180866,0.9150096635657442,2.2923131006213806e-08,-4.692837040254464
Quitina,Maximizar Quitina,REDUCED_FEATURES,GP_Compuesto_NoARD,Orujo70,15.31837764643533,Hoja46,hoja,46.0,False,10.686900397096007,0.9338366640618313,5.850881567312888e-08,-4.631477249339323
Quitina,Maximizar Quitina,REDUCED_FEATURES,GP_Compuesto_NoARD,Orujo70,15.31837764643533,Hoja47,hoja,47.0,False,10.74826184100149,0.9532552878973987,1.4263607968552433e-07,-4.57011580543384
Quitina,Maximizar Quitina,REDUCED_FEATURES,GP_Compuesto_NoARD,Orujo70,15.31837764643533,Hoja48,hoja,48.0,False,10.809606291622524,0.973269522798831,3.32585789068309e-07,-4.508771354812806
Quitina,Maximizar Quitina,REDUCED_FEATURES,GP_Compuesto_NoARD,Orujo70,15.31837764643533,Hoja49,hoja,49.0,False,10.870908607697638,0.9938986825645579,7.430660836013964e-07,-4.447469038737692
Quitina,Maximizar Quitina,REDUCED_FEATURES,GP_Compuesto_NoARD,Orujo70,15.31837764643533,Hoja50,hoja,50.0,True,10.932142171306195,1.0151668078068894,1.5937027685982826e-06,-4.386235475129135
Quitina,Maximizar Quitina,REDUCED_FEATURES,GP_Compuesto_NoARD,Orujo70,15.31837764643533,Orujo30,orujo,30.0,True,9.22778245300813,0.7939104877270159,7.701939330255033e-16,-6.0905951934272
Quitina,Maximizar Quitina,REDUCED_FEATURES,GP_Compuesto_NoARD,Orujo70,15.31837764643533,Orujo31,orujo,31.0,False,9.280655120529925,0.7760611407851171,3.1628248587231137e-16,-6.037722525905405
Quitina,Maximizar Quitina,REDUCED_FEATURES,GP_Compuesto_NoARD,Orujo70,15.31837764643533,Orujo32,orujo,32.0,False,9.333561616053617,0.7588953905136543,1.3061620056747462e-16,-5.9848160303817135
Quitina,Maximizar Quitina,REDUCED_FEATURES,GP_Compuesto_NoARD,Orujo70,15.31837764643533,Orujo33,orujo,33.0,False,9.386487653978968,0.7424208622544595,5.4506581963698826e-17,-5.931889992456362
Quitina,Maximizar Quitina,REDUCED_FEATURES,GP_Compuesto_NoARD,Orujo70,15.31837764643533,Orujo34,orujo,34.0,False,9.43941862272783,0.7266470453759194,2.3110089293527608e-17,-5.8789590237075
Quitina,Maximizar Quitina,REDUCED_FEATURES,GP_Compuesto_NoARD,Orujo70,15.31837764643533,Orujo35,orujo,35.0,False,9.4923421747147,0.7115919188954491,1.0023607006701368e-17,-5.82603547172063
Quitina,Maximizar Quitina,REDUCED_FEATURES,GP_Compuesto_NoARD,Orujo70,15.31837764643533,Orujo36,orujo,36.0,False,9.545248723120563,0.6972831359736197,4.485487570708289e-18,-5.773128923314767
Quitina,Maximizar Quitina,REDUCED_FEATURES,GP_Compuesto_NoARD,Orujo70,15.31837764643533,Orujo37,orujo,37.0,False,9.598131059935337,0.683756793145027,2.0921344816783118e-18,-5.720246586499993
Quitina,Maximizar Quitina,REDUCED_FEATURES,GP_Compuesto_NoARD,Orujo70,15.31837764643533,Orujo38,orujo,38.0,False,9.650983724928938,0.671055351483482,1.0291347366971225e-18,-5.667393921506392
Quitina,Maximizar Quitina,REDUCED_FEATURES,GP_Compuesto_NoARD,Orujo70,15.31837764643533,Orujo39,orujo,39.0,False,9.703802440869442,0.6592254617078217,5.409166399098237e-19,-5.614575205565888
Quitina,Maximizar Quitina,REDUCED_FEATURES,GP_Compuesto_NoARD,Orujo70,15.31837764643533,Orujo40,orujo,40.0,False,9.756583772046474,0.6483160164468361,3.08067684249193e-19,-5.561793874388856
Quitina,Maximizar Quitina,REDUCED_FEATURES,GP_Compuesto_NoARD,Orujo70,15.31837764643533,Orujo41,orujo,41.0,False,9.809325092840044,0.6383765479258506,1.9289512236103091e-19,-5.509052553595286
Quitina,Maximizar Quitina,REDUCED_FEATURES,GP_Compuesto_NoARD,Orujo70,15.31837764643533,Orujo42,orujo,42.0,False,9.862024929280409,0.6294560075680121,1.3472824413265156e-19,-5.456352717154921
Quitina,Maximizar Quitina,REDUCED_FEATURES,GP_Compuesto_NoARD,Orujo70,15.31837764643533,Orujo43,orujo,43.0,False,9.91468373162218,0.6216019432386372,1.0644548301385237e-19,-5.40369391481315
Quitina,Maximizar Quitina,REDUCED_FEATURES,GP_Compuesto_NoARD,Orujo70,15.31837764643533,Orujo44,orujo,44.0,False,9.967305126392901,0.6148600889379429,9.636567908132285e-20,-5.351072520042429
Quitina,Maximizar Quitina,REDUCED_FEATURES,GP_Compuesto_NoARD,Orujo70,15.31837764643533,Orujo45,orujo,45.0,False,10.019897653970038,0.6092743671304114,1.0109687271184189e-19,-5.2984799924652926
Quitina,Maximizar Quitina,REDUCED_FEATURES,GP_Compuesto_NoARD,Orujo70,15.31837764643533,Orujo46,orujo,46.0,False,10.07247687919075,0.6048872383408596,1.2403926391133093e-19,-5.24590076724458
Quitina,Maximizar Quitina,REDUCED_FEATURES,GP_Compuesto_NoARD,Orujo70,15.31837764643533,Orujo47,orujo,47.0,False,10.125067494634553,0.6017401641505246,1.791761686930273e-19,-5.193310151800777
Quitina,Maximizar Quitina,REDUCED_FEATURES,GP_Compuesto_NoARD,Orujo70,15.31837764643533,Orujo48,orujo,48.0,False,10.177704493020133,0.5998735999664243,3.0585311499759194e-19,-5.140673153415197
Quitina,Maximizar Quitina,REDUCED_FEATURES,GP_Compuesto_NoARD,Orujo70,15.31837764643533,Orujo49,orujo,49.0,False,10.23043145081681,0.5993252870464961,6.17064048584626e-19,-5.087946195618519
Quitina,Maximizar Quitina,REDUCED_FEATURES,GP_Compuesto_NoARD,Orujo70,15.31837764643533,Orujo50,orujo,50.0,True,10.283292074228557,0.6001245069462008,1.464951723171589e-18,-5.035085572206773
Quitina,Maximizar Quitina,REDUCED_FEATURES,GP_Compuesto_NoARD,Orujo70,15.31837764643533,Orujo51,orujo,51.0,False,10.338558005273173,0.5974652219589128,2.3433118316041205e-18,-4.979819641162157
Quitina,Maximizar Quitina,REDUCED_FEATURES,GP_Compuesto_NoARD,Orujo70,15.31837764643533,Orujo52,orujo,52.0,False,10.393950478406865,0.5958653597769348,4.270776460434195e-18,-4.9244271680284655
Quitina,Maximizar Quitina,REDUCED_FEATURES,GP_Compuesto_NoARD,Orujo70,15.31837764643533,Orujo53,orujo,53.0,False,10.449445734698397,0.595313981107136,8.8074244369462e-18,-4.868931911736933
Quitina,Maximizar Quitina,REDUCED_FEATURES,GP_Compuesto_NoARD,Orujo70,15.31837764643533,Orujo54,orujo,54.0,False,10.50501953968465,0.5957936922193171,2.0357848560655823e-17,-4.81335810675068
Quitina,Maximizar Quitina,REDUCED_FEATURES,GP_Compuesto_NoARD,Orujo70,15.31837764643533,Orujo55,orujo,55.0,False,10.560653674411606,0.5972846471686452,5.215567734989755e-17,-4.757723972023724
Quitina,Maximizar Quitina,REDUCED_FEATURES,GP_Compuesto_NoARD,Orujo70,15.31837764643533,Orujo56,orujo,56.0,False,10.616337915041013,0.5997659067641625,1.462884479875138e-16,-4.702039731394317
Quitina,Maximizar Quitina,REDUCED_FEATURES,GP_Compuesto_NoARD,Orujo70,15.31837764643533,Orujo57,orujo,57.0,False,10.672069741635324,0.6032155445697152,4.4338369905889746e-16,-4.646307904800006
Quitina,Maximizar Quitina,REDUCED_FEATURES,GP_Compuesto_NoARD,Orujo70,15.31837764643533,Orujo58,orujo,58.0,False,10.727852969994109,0.6076103050059646,1.432659976252498e-15,-4.5905246764412215
Quitina,Maximizar Quitina,REDUCED_FEATURES,GP_Compuesto_NoARD,Orujo70,15.31837764643533,Orujo59,orujo,59.0,False,10.783695874378104,0.612925250073342,4.8683024788072914e-15,-4.534681772057226
Quitina,Maximizar Quitina,REDUCED_FEATURES,GP_Compuesto_NoARD,Orujo70,15.31837764643533,Orujo60,orujo,60.0,False,10.839608999015699,0.6191336106298002,1.716484269224387e-14,-4.478768647419631
Quitina,Maximizar Quitina,REDUCED_FEATURES,GP_Compuesto_NoARD,Orujo70,15.31837764643533,Orujo61,orujo,61.0,False,10.895602642771605,0.6262069339520043,6.198640136970261e-14,-4.422775003663725
Quitina,Maximizar Quitina,REDUCED_FEATURES,GP_Compuesto_NoARD,Orujo70,15.31837764643533,Orujo62,orujo,62.0,False,10.951683888824423,0.634115553841606,2.2648595870905778e-13,-4.366693757610907
Quitina,Maximizar Quitina,REDUCED_FEATURES,GP_Compuesto_NoARD,Orujo70,15.31837764643533,Orujo63,orujo,63.0,False,11.007853017187337,0.6428293753969425,8.279300898954292e-13,-4.310524629247993
Quitina,Maximizar Quitina,REDUCED_FEATURES,GP_Compuesto_NoARD,Orujo70,15.31837764643533,Orujo64,orujo,64.0,False,11.0640991891488,0.6523189422611037,2.9975774717357587e-12,-4.25427845728653
Quitina,Maximizar Quitina,REDUCED_FEATURES,GP_Compuesto_NoARD,Orujo70,15.31837764643533,Orujo65,orujo,65.0,False,11.120395468213871,0.662556719588179,1.065441773507009e-11,-4.197982178221459
Quitina,Maximizar Quitina,REDUCED_FEATURES,GP_Compuesto_NoARD,Orujo70,15.31837764643533,Orujo66,orujo,66.0,False,11.176693623870571,0.6735184577216407,3.689660255962138e-11,-4.141684022564759
Quitina,Maximizar Quitina,REDUCED_FEATURES,GP_Compuesto_NoARD,Orujo70,15.31837764643533,Orujo67,orujo,67.0,False,11.23291989800361,0.6851843676664424,1.2370893304963725e-10,-4.08545774843172
Quitina,Maximizar Quitina,REDUCED_FEATURES,GP_Compuesto_NoARD,Orujo70,15.31837764643533,Orujo68,orujo,68.0,False,11.28897424267088,0.6975395932121956,3.9952910380994167e-10,-4.02940340376445
Quitina,Maximizar Quitina,REDUCED_FEATURES,GP_Compuesto_NoARD,Orujo70,15.31837764643533,Orujo69,orujo,69.0,False,11.344737859425384,0.7105730374282236,1.2378595197712056e-09,-3.9736397870099456
Quitina,Maximizar Quitina,REDUCED_FEATURES,GP_Compuesto_NoARD,Orujo70,15.31837764643533,Orujo70,orujo,70.0,True,11.400097822032723,0.7242728930313082,3.668024674343534e-09,-3.9182798244026067
Quitina,Maximizar Quitina,REDUCED_FEATURES,GP_Compuesto_NoARD,Orujo70,15.31837764643533,Orujo71,orujo,71.0,False,11.466787621994783,0.7355393575329435,9.992893209450507e-09,-3.851590024440547
Quitina,Maximizar Quitina,REDUCED_FEATURES,GP_Compuesto_NoARD,Orujo70,15.31837764643533,Orujo72,orujo,72.0,False,11.53286350041189,0.7478925972277561,2.668185622624984e-08,-3.7855141460234396
Quitina,Maximizar Quitina,REDUCED_FEATURES,GP_Compuesto_NoARD,Orujo70,15.31837764643533,Orujo73,orujo,73.0,False,11.59857759919224,0.7612369224657303,6.936927363659645e-08,-3.7198000472430905
Quitina,Maximizar Quitina,REDUCED_FEATURES,GP_Compuesto_NoARD,Orujo70,15.31837764643533,Orujo74,orujo,74.0,False,11.664158385016991,0.7754803383791347,1.7472654279440778e-07,-3.654219261418339
Quitina,Maximizar Quitina,REDUCED_FEATURES,GP_Compuesto_NoARD,Orujo70,15.31837764643533,Orujo75,orujo,75.0,False,11.729765793470623,0.7905436362496585,4.248026798548356e-07,-3.588611852964707
Quitina,Maximizar Quitina,REDUCED_FEATURES,GP_Compuesto_NoARD,Orujo70,15.31837764643533,Orujo76,orujo,76.0,False,11.795491483949938,0.8063606154077774,9.943504827497638e-07,-3.522886162485392
Quitina,Maximizar Quitina,REDUCED_FEATURES,GP_Compuesto_NoARD,Orujo70,15.31837764643533,Orujo77,orujo,77.0,False,11.861374010005562,0.8228753013404501,2.2372324150398494e-06,-3.457003636429768
Quitina,Maximizar Quitina,REDUCED_FEATURES,GP_Compuesto_NoARD,Orujo70,15.31837764643533,Orujo78,orujo,78.0,False,11.927415856203258,0.8400387604087317,4.834325101128677e-06,-3.3909617902320726
Quitina,Maximizar Quitina,REDUCED_FEATURES,GP_Compuesto_NoARD,Orujo70,15.31837764643533,Orujo79,orujo,79.0,False,11.993597597278743,0.8578064926891482,1.0030611213606892e-05,-3.324780049156587
Quitina,Maximizar Quitina,REDUCED_FEATURES,GP_Compuesto_NoARD,Orujo70,15.31837764643533,Orujo80,orujo,80.0,False,12.059888205918632,0.8761366660661912,1.9990794014696552e-05,-3.2584894405166978
Quitina,Maximizar Quitina,REDUCED_FEATURES,GP_Compuesto_NoARD,Orujo70,15.31837764643533,Orujo81,orujo,81.0,False,12.126252074179513,0.8949891979149281,3.829807608558898e-05,-3.192125572255817
Quitina,Maximizar Quitina,REDUCED_FEATURES,GP_Compuesto_NoARD,Orujo70,15.31837764643533,Orujo82,orujo,82.0,False,12.192653819789497,0.9143256551134467,7.060820737204673e-05,-3.1257238266458334
Quitina,Maximizar Quitina,REDUCED_FEATURES,GP_Compuesto_NoARD,Orujo70,15.31837764643533,Orujo83,orujo,83.0,False,12.259062021088237,0.9341100021580017,0.00012545196401205524,-3.059315625347093
Quitina,Maximizar Quitina,REDUCED_FEATURES,GP_Compuesto_NoARD,Orujo70,15.31837764643533,Orujo84,orujo,84.0,False,12.325452932087252,0.9543103085284036,0.00021515967698304377,-2.992924714348078
Quitina,Maximizar Quitina,REDUCED_FEATURES,GP_Compuesto_NoARD,Orujo70,15.31837764643533,Orujo85,orujo,85.0,False,12.391815045413228,0.9749015685470114,0.00035687163936603834,-2.926562601022102
Quitina,Maximizar Quitina,REDUCED_FEATURES,GP_Compuesto_NoARD,Orujo70,15.31837764643533,Orujo86,orujo,86.0,False,12.458155019664101,0.9958696981972059,0.0005736105176811345,-2.860222626771229
Quitina,Maximizar Quitina,REDUCED_FEATURES,GP_Compuesto_NoARD,Orujo70,15.31837764643533,Orujo87,orujo,87.0,False,12.52450471974527,1.017216379573559,0.0008954326202500647,-2.79387292669006
Quitina,Maximizar Quitina,REDUCED_FEATURES,GP_Compuesto_NoARD,Orujo70,15.31837764643533,Orujo88,orujo,88.0,False,12.590927411466662,1.0389633856445888,0.0013607251195818203,-2.727450234968668
Quitina,Maximizar Quitina,REDUCED_FEATURES,GP_Compuesto_NoARD,Orujo70,15.31837764643533,Orujo89,orujo,89.0,False,12.657517499399999,1.0611526957410589,0.0020176878463152408,-2.660860147035331
Quitina,Maximizar Quitina,REDUCED_FEATURES,GP_Compuesto_NoARD,Orujo70,15.31837764643533,Orujo90,orujo,90.0,True,12.724380722712315,1.0838339420765852,0.002925674288312922,-2.593996923723015
Quitina,Maximizar Quitina,REDUCED_FEATURES,GP_Compuesto_NoARD,Orujo70,15.31837764643533,Quinoa15,quinoa,15.0,True,7.2548343481601645,0.7780275589452064,1.1626340801839348e-26,-8.063543298275166
Quitina,Maximizar Quitina,REDUCED_FEATURES,GP_Compuesto_NoARD,Orujo70,15.31837764643533,Quinoa16,quinoa,16.0,False,7.28631955493113,0.7700049357592657,5.643250394004056e-27,-8.0320580915042
Quitina,Maximizar Quitina,REDUCED_FEATURES,GP_Compuesto_NoARD,Orujo70,15.31837764643533,Quinoa17,quinoa,17.0,False,7.317821200417484,0.7626427389108008,2.96359269884125e-27,-8.000556446017846
Quitina,Maximizar Quitina,REDUCED_FEATURES,GP_Compuesto_NoARD,Orujo70,15.31837764643533,Quinoa18,quinoa,18.0,False,7.349334138941595,0.755948310956032,1.6948725073821812e-27,-7.969043507493735
Quitina,Maximizar Quitina,REDUCED_FEATURES,GP_Compuesto_NoARD,Orujo70,15.31837764643533,Quinoa19,quinoa,19.0,False,7.380852600836561,0.7499264185164696,1.061654972682396e-27,-7.937525045598769
Quitina,Maximizar Quitina,REDUCED_FEATURES,GP_Compuesto_NoARD,Orujo70,15.31837764643533,Quinoa20,quinoa,20.0,False,7.412371338437054,0.7445813776264689,7.321842687244262e-28,-7.906006307998276
Quitina,Maximizar Quitina,REDUCED_FEATURES,GP_Compuesto_NoARD,Orujo70,15.31837764643533,Quinoa21,quinoa,21.0,False,7.4438862746183485,0.7399181571225847,5.586123743616896e-28,-7.8744913718169816
Quitina,Maximizar Quitina,REDUCED_FEATURES,GP_Compuesto_NoARD,Orujo70,15.31837764643533,Quinoa22,quinoa,22.0,False,7.4753948608753085,0.7359428689727983,4.734939743497733e-28,-7.842982785560022
Quitina,Maximizar Quitina,REDUCED_FEATURES,GP_Compuesto_NoARD,Orujo70,15.31837764643533,Quinoa23,quinoa,23.0,False,7.5068962747431485,0.7326629140916945,4.475757820003537e-28,-7.811481371692182
Quitina,Maximizar Quitina,REDUCED_FEATURES,GP_Compuesto_NoARD,Orujo70,15.31837764643533,Quinoa24,quinoa,24.0,False,7.538391529645522,0.7300869469326978,4.733026351986912e-28,-7.779986116789808
Quitina,Maximizar Quitina,REDUCED_FEATURES,GP_Compuesto_NoARD,Orujo70,15.31837764643533,Quinoa25,quinoa,25.0,False,7.5698835250430845,0.7282247388839643,5.613044459003094e-28,-7.748494121392246
Quitina,Maximizar Quitina,REDUCED_FEATURES,GP_Compuesto_NoARD,Orujo70,15.31837764643533,Quinoa26,quinoa,26.0,False,7.601377023481774,0.7270869480773503,7.477564966011077e-28,-7.717000622953556
Quitina,Maximizar Quitina,REDUCED_FEATURES,GP_Compuesto_NoARD,Orujo70,15.31837764643533,Quinoa27,quinoa,27.0,False,7.632878496693013,0.726684731484912,1.1197793566981754e-27,-7.685499149742317
Quitina,Maximizar Quitina,REDUCED_FEATURES,GP_Compuesto_NoARD,Orujo70,15.31837764643533,Quinoa28,quinoa,28.0,False,7.664395727715527,0.7270290542639833,1.884288271746047e-27,-7.653981918719803
Quitina,Maximizar Quitina,REDUCED_FEATURES,GP_Compuesto_NoARD,Orujo70,15.31837764643533,Quinoa29,quinoa,29.0,False,7.695936981122332,0.7281294510511107,3.556823650218395e-27,-7.622440665312998
Quitina,Maximizar Quitina,REDUCED_FEATURES,GP_Compuesto_NoARD,Orujo70,15.31837764643533,Quinoa30,quinoa,30.0,True,7.727509447356746,0.7299918630036679,7.506104160950049e-27,-7.590868199078584
Quitina,Maximizar Quitina,REDUCED_FEATURES,GP_Compuesto_NoARD,Orujo70,15.31837764643533,Quinoa31,quinoa,31.0,False,7.751848408939641,0.730486921200887,1.1513787924697029e-26,-7.566529237495689
Quitina,Maximizar Quitina,REDUCED_FEATURES,GP_Compuesto_NoARD,Orujo70,15.31837764643533,Quinoa32,quinoa,32.0,False,7.776208230867546,0.7315018044734415,1.9056670545317735e-26,-7.542169415567784
Quitina,Maximizar Quitina,REDUCED_FEATURES,GP_Compuesto_NoARD,Orujo70,15.31837764643533,Quinoa33,quinoa,33.0,False,7.800586550401105,0.7330305993439243,3.392031084377799e-26,-7.517791096034225
Quitina,Maximizar Quitina,REDUCED_FEATURES,GP_Compuesto_NoARD,Orujo70,15.31837764643533,Quinoa34,quinoa,34.0,False,7.8249802566746585,0.7350654340743924,6.467266598629138e-26,-7.493397389760672
Quitina,Maximizar Quitina,REDUCED_FEATURES,GP_Compuesto_NoARD,Orujo70,15.31837764643533,Quinoa35,quinoa,35.0,False,7.849386012328358,0.7375972866110814,1.3148764556355227e-25,-7.468991634106972
Quitina,Maximizar Quitina,REDUCED_FEATURES,GP_Compuesto_NoARD,Orujo70,15.31837764643533,Quinoa36,quinoa,36.0,False,7.873800569584043,0.7406165372409783,2.837041882216309e-25,-7.444577076851287
Quitina,Maximizar Quitina,REDUCED_FEATURES,GP_Compuesto_NoARD,Orujo70,15.31837764643533,Quinoa37,quinoa,37.0,False,7.898220943173295,0.7441133435763349,6.463805671051531e-25,-7.420156703262035
Quitina,Maximizar Quitina,REDUCED_FEATURES,GP_Compuesto_NoARD,Orujo70,15.31837764643533,Quinoa38,quinoa,38.0,False,7.922644485460973,0.7480778958757915,1.5471507140648993e-24,-7.395733160974357
Quitina,Maximizar Quitina,REDUCED_FEATURES,GP_Compuesto_NoARD,Orujo70,15.31837764643533,Quinoa39,quinoa,39.0,False,7.947068896490911,0.7525005949853226,3.8705176061374496e-24,-7.371308749944419
Quitina,Maximizar Quitina,REDUCED_FEATURES,GP_Compuesto_NoARD,Orujo70,15.31837764643533,Quinoa40,quinoa,40.0,False,7.971492192477234,0.7573721824467236,1.0069026874321821e-23,-7.346885453958096
Quitina,Maximizar Quitina,REDUCED_FEATURES,GP_Compuesto_NoARD,Orujo70,15.31837764643533,Quinoa41,quinoa,41.0,False,7.995912649698871,0.7626838418217032,2.7103292329174647e-23,-7.322464996736459
Quitina,Maximizar Quitina,REDUCED_FEATURES,GP_Compuesto_NoARD,Orujo70,15.31837764643533,Quinoa42,quinoa,42.0,False,8.020328736255486,0.7684272813244818,7.512270234180781e-23,-7.298048910179844
Quitina,Maximizar Quitina,REDUCED_FEATURES,GP_Compuesto_NoARD,Orujo70,15.31837764643533,Quinoa43,quinoa,43.0,False,8.044739041305295,0.7745947997800539,2.1340973906539134e-22,-7.273638605130035
Quitina,Maximizar Quitina,REDUCED_FEATURES,GP_Compuesto_NoARD,Orujo70,15.31837764643533,Quinoa44,quinoa,44.0,False,8.06914220996085,0.7811793300670388,6.186193255824618e-22,-7.24923543647448
Quitina,Maximizar Quitina,REDUCED_FEATURES,GP_Compuesto_NoARD,Orujo70,15.31837764643533,Quinoa45,quinoa,45.0,False,8.093536891817347,0.7881744458831383,1.8221002951116302e-21,-7.224840754617983
Quitina,Maximizar Quitina,REDUCED_FEATURES,GP_Compuesto_NoARD,Orujo70,15.31837764643533,Quinoa46,quinoa,46.0,False,8.11792171208503,0.7955743081656217,5.431728078475355e-21,-7.2004559343503
Quitina,Maximizar Quitina,REDUCED_FEATURES,GP_Compuesto_NoARD,Orujo70,15.31837764643533,Quinoa47,quinoa,47.0,False,8.142295276550488,0.8033735160159067,1.6326748827277857e-20,-7.176082369884842
Quitina,Maximizar Quitina,REDUCED_FEATURES,GP_Compuesto_NoARD,Orujo70,15.31837764643533,Quinoa48,quinoa,48.0,False,8.166656225264122,0.8115668126140101,4.930933209346637e-20,-7.151721421171208
Quitina,Maximizar Quitina,REDUCED_FEATURES,GP_Compuesto_NoARD,Orujo70,15.31837764643533,Quinoa49,quinoa,49.0,False,8.19100335522121,0.8201485782966581,1.4913327882144588e-19,-7.127374291214121
Quitina,Maximizar Quitina,REDUCED_FEATURES,GP_Compuesto_NoARD,Orujo70,15.31837764643533,Quinoa50,quinoa,50.0,True,8.215335839783515,0.8291120193786602,4.502317838817473e-19,-7.103041806651815
Proteina,Maximizar Proteina,FULL_FEATURES,GP_Compuesto_NoARD,Orujo50,32.14739293244424,Hoja15,hoja,15.0,True,29.170755174617298,0.9105992920142713,0.00012508255182523296,-2.9766377578269427
Proteina,Maximizar Proteina,FULL_FEATURES,GP_Compuesto_NoARD,Orujo50,32.14739293244424,Hoja16,hoja,16.0,False,29.01179722638738,0.8837172338444139,4.072264800982406e-05,-3.1355957060568613
Proteina,Maximizar Proteina,FULL_FEATURES,GP_Compuesto_NoARD,Orujo50,32.14739293244424,Hoja17,hoja,17.0,False,28.85212461449782,0.8590542198167487,1.1935869350773823e-05,-3.2952683179464195
Proteina,Maximizar Proteina,FULL_FEATURES,GP_Compuesto_NoARD,Orujo50,32.14739293244424,Hoja18,hoja,18.0,False,28.69234778722308,0.8365308040422061,3.153623193445533e-06,-3.4550451452211597
Proteina,Maximizar Proteina,FULL_FEATURES,GP_Compuesto_NoARD,Orujo50,32.14739293244424,Hoja19,hoja,19.0,False,28.532782862664604,0.8161918144082684,7.555128673632518e-07,-3.614610069779637
Proteina,Maximizar Proteina,FULL_FEATURES,GP_Compuesto_NoARD,Orujo50,32.14739293244424,Hoja20,hoja,20.0,False,28.37350424074722,0.7981793951530758,1.6609742963794104e-07,-3.773888691697021
Proteina,Maximizar Proteina,FULL_FEATURES,GP_Compuesto_NoARD,Orujo50,32.14739293244424,Hoja21,hoja,21.0,False,28.214464878202367,0.7826759068802366,3.415238159303824e-08,-3.9329280542418736
Proteina,Maximizar Proteina,FULL_FEATURES,GP_Compuesto_NoARD,Orujo50,32.14739293244424,Hoja22,hoja,22.0,False,28.05557338087338,0.7698631347783905,6.740679706527222e-09,-4.091819551570861
Proteina,Maximizar Proteina,FULL_FEATURES,GP_Compuesto_NoARD,Orujo50,32.14739293244424,Hoja23,hoja,23.0,False,27.89672763646878,0.75989844653341,1.3186725024758673e-09,-4.2506652959754625
Proteina,Maximizar Proteina,FULL_FEATURES,GP_Compuesto_NoARD,Orujo50,32.14739293244424,Hoja24,hoja,24.0,False,27.737823878673424,0.7529015021151697,2.651322165946561e-10,-4.4095690537708165
Proteina,Maximizar Proteina,FULL_FEATURES,GP_Compuesto_NoARD,Orujo50,32.14739293244424,Hoja25,hoja,25.0,False,27.578758421932147,0.7489477445650687,5.689612215895646e-11,-4.568634510512094
Proteina,Maximizar Proteina,FULL_FEATURES,GP_Compuesto_NoARD,Orujo50,32.14739293244424,Hoja26,hoja,26.0,False,27.41943753031324,0.7480690388106318,1.3515433166452226e-11,-4.727955402131002
Proteina,Maximizar Proteina,FULL_FEATURES,GP_Compuesto_NoARD,Orujo50,32.14739293244424,Hoja27,hoja,27.0,False,27.259813198001446,0.7502657108564339,3.673748125618715e-12,-4.887579734442795
Proteina,Maximizar Proteina,FULL_FEATURES,GP_Compuesto_NoARD,Orujo50,32.14739293244424,Hoja28,hoja,28.0,False,27.099964591331517,0.7555363486705151,1.1774731955409452e-12,-5.047428341112724
Proteina,Maximizar Proteina,FULL_FEATURES,GP_Compuesto_NoARD,Orujo50,32.14739293244424,Hoja29,hoja,29.0,False,26.940224834660253,0.763925060246229,4.582842086353705e-13,-5.207168097783988
Proteina,Maximizar Proteina,FULL_FEATURES,GP_Compuesto_NoARD,Orujo50,32.14739293244424,Hoja30,hoja,30.0,True,26.7812365034116,0.7755453938202455,2.231684415227482e-13,-5.3661564290326424
Proteina,Maximizar Proteina,FULL_FEATURES,GP_Compuesto_NoARD,Orujo50,32.14739293244424,Hoja31,hoja,31.0,False,26.658752361663147,0.7839694443013612,1.247772554986979e-13,-5.488640570781094
Proteina,Maximizar Proteina,FULL_FEATURES,GP_Compuesto_NoARD,Orujo50,32.14739293244424,Hoja32,hoja,32.0,False,26.536831547199714,0.7942041871445077,7.966084699918036e-14,-5.610561385244527
Proteina,Maximizar Proteina,FULL_FEATURES,GP_Compuesto_NoARD,Orujo50,32.14739293244424,Hoja33,hoja,33.0,False,26.41511915400219,0.8060700443989774,5.726519923369781e-14,-5.73227377844205
Proteina,Maximizar Proteina,FULL_FEATURES,GP_Compuesto_NoARD,Orujo50,32.14739293244424,Hoja34,hoja,34.0,False,26.293362975446403,0.819416462554273,4.574115378884791e-14,-5.854029956997838
Proteina,Maximizar Proteina,FULL_FEATURES,GP_Compuesto_NoARD,Orujo50,32.14739293244424,Hoja35,hoja,35.0,False,26.17143769976784,0.8341316366721786,4.0155139998188164e-14,-5.975955232676402
Proteina,Maximizar Proteina,FULL_FEATURES,GP_Compuesto_NoARD,Orujo50,32.14739293244424,Hoja36,hoja,36.0,False,26.049306460148888,0.8501305730936753,3.8384719055524674e-14,-6.098086472295353
Proteina,Maximizar Proteina,FULL_FEATURES,GP_Compuesto_NoARD,Orujo50,32.14739293244424,Hoja37,hoja,37.0,False,25.926979930177925,0.867342209923533,3.961407831491621e-14,-6.220413002266316
Proteina,Maximizar Proteina,FULL_FEATURES,GP_Compuesto_NoARD,Orujo50,32.14739293244424,Hoja38,hoja,38.0,False,25.8044877661296,0.8857006512726767,4.377096405614087e-14,-6.34290516631464
Proteina,Maximizar Proteina,FULL_FEATURES,GP_Compuesto_NoARD,Orujo50,32.14739293244424,Hoja39,hoja,39.0,False,25.6818621839554,0.9051403499704406,5.1348703633072e-14,-6.465530748488842
Proteina,Maximizar Proteina,FULL_FEATURES,GP_Compuesto_NoARD,Orujo50,32.14739293244424,Hoja40,hoja,40.0,False,25.559129931332155,0.9255939016025132,6.342184794339757e-14,-6.588263001112086
Proteina,Maximizar Proteina,FULL_FEATURES,GP_Compuesto_NoARD,Orujo50,32.14739293244424,Hoja41,hoja,41.0,False,25.436309180244304,0.9469912838661759,8.179466342904223e-14,-6.7110837521999365
Proteina,Maximizar Proteina,FULL_FEATURES,GP_Compuesto_NoARD,Orujo50,32.14739293244424,Hoja42,hoja,42.0,False,25.313409036599953,0.9692598869893593,1.0927416886050432e-13,-6.833983895844288
Proteina,Maximizar Proteina,FULL_FEATURES,GP_Compuesto_NoARD,Orujo50,32.14739293244424,Hoja43,hoja,43.0,False,25.1904305206153,0.9923252423502122,1.500847730337275e-13,-6.95696241182894
Proteina,Maximizar Proteina,FULL_FEATURES,GP_Compuesto_NoARD,Orujo50,32.14739293244424,Hoja44,hoja,44.0,False,25.06736883768958,1.016112941350105,2.1046225562092368e-13,-7.080024094754663
Proteina,Maximizar Proteina,FULL_FEATURES,GP_Compuesto_NoARD,Orujo50,32.14739293244424,Hoja45,hoja,45.0,False,24.944217576009557,1.0405528761335214,2.995066483051258e-13,-7.203175356434684
Proteina,Maximizar Proteina,FULL_FEATURES,GP_Compuesto_NoARD,Orujo50,32.14739293244424,Hoja46,hoja,46.0,False,24.820976130914694,1.0655875570916857,4.3049366586454e-13,-7.326416801529547
Proteina,Maximizar Proteina,FULL_FEATURES,GP_Compuesto_NoARD,Orujo50,32.14739293244424,Hoja47,hoja,47.0,False,24.697661855852246,1.0911864230103514,6.231644650870794e-13,-7.449731076591995
Proteina,Maximizar Proteina,FULL_FEATURES,GP_Compuesto_NoARD,Orujo50,32.14739293244424,Hoja48,hoja,48.0,False,24.5743270490944,1.1173663072031303,9.082270670182935e-13,-7.573065883349841
Proteina,Maximizar Proteina,FULL_FEATURES,GP_Compuesto_NoARD,Orujo50,32.14739293244424,Hoja49,hoja,49.0,False,24.451074814462846,1.1442106587559966,1.336470830637914e-12,-7.696318117981395
Proteina,Maximizar Proteina,FULL_FEATURES,GP_Compuesto_NoARD,Orujo50,32.14739293244424,Hoja50,hoja,50.0,True,24.328049446475468,1.1718572798581237,1.995086694504965e-12,-7.819343485968773
Proteina,Maximizar Proteina,FULL_FEATURES,GP_Compuesto_NoARD,Orujo50,32.14739293244424,Orujo30,orujo,30.0,True,31.026148994072173,0.9398486571725,0.052334846567836074,-1.1212439383720678
Proteina,Maximizar Proteina,FULL_FEATURES,GP_Compuesto_NoARD,Orujo50,32.14739293244424,Orujo31,orujo,31.0,False,30.937625749814792,0.9121905688645988,0.03835309842728589,-1.2097671826294487
Proteina,Maximizar Proteina,FULL_FEATURES,GP_Compuesto_NoARD,Orujo50,32.14739293244424,Orujo32,orujo,32.0,False,30.84926994103352,0.8855843294100525,0.027337058172726914,-1.2981229914107217
Proteina,Maximizar Proteina,FULL_FEATURES,GP_Compuesto_NoARD,Orujo50,32.14739293244424,Orujo33,orujo,33.0,False,30.760979409806396,0.8599684608031757,0.018892614036529073,-1.3864135226378451
Proteina,Maximizar Proteina,FULL_FEATURES,GP_Compuesto_NoARD,Orujo50,32.14739293244424,Orujo34,orujo,34.0,False,30.672681817714757,0.8353278426234889,0.0126201944545688,-1.4747111147294838
Proteina,Maximizar Proteina,FULL_FEATURES,GP_Compuesto_NoARD,Orujo50,32.14739293244424,Orujo35,orujo,35.0,False,30.58434247622409,0.81170410537989,0.008125492294376618,-1.5630504562201502
Proteina,Maximizar Proteina,FULL_FEATURES,GP_Compuesto_NoARD,Orujo50,32.14739293244424,Orujo36,orujo,36.0,False,30.49595398562504,0.7891807536530177,0.005030843665069951,-1.6514389468192014
Proteina,Maximizar Proteina,FULL_FEATURES,GP_Compuesto_NoARD,Orujo50,32.14739293244424,Orujo37,orujo,37.0,False,30.40752513286049,0.7678666995274885,0.002990549718188233,-1.7398677995837524
Proteina,Maximizar Proteina,FULL_FEATURES,GP_Compuesto_NoARD,Orujo50,32.14739293244424,Orujo38,orujo,38.0,False,30.319073495174724,0.7478841259325437,0.0017057494915724593,-1.828319437269517
Proteina,Maximizar Proteina,FULL_FEATURES,GP_Compuesto_NoARD,Orujo50,32.14739293244424,Orujo39,orujo,39.0,False,30.230621808579162,0.7293606042505223,0.0009341597619178243,-1.9167711238650789
Proteina,Maximizar Proteina,FULL_FEATURES,GP_Compuesto_NoARD,Orujo50,32.14739293244424,Orujo40,orujo,40.0,False,30.14219703188389,0.7124239616171435,0.0004923222994124322,-2.005195900560352
Proteina,Maximizar Proteina,FULL_FEATURES,GP_Compuesto_NoARD,Orujo50,32.14739293244424,Orujo41,orujo,41.0,False,30.053830933737604,0.6971985093029779,0.00025073130681306857,-2.0935619987066367
Proteina,Maximizar Proteina,FULL_FEATURES,GP_Compuesto_NoARD,Orujo50,32.14739293244424,Orujo42,orujo,42.0,False,29.96556105187767,0.6838017659485476,0.0001241761817517232,-2.1818318805665697
Proteina,Maximizar Proteina,FULL_FEATURES,GP_Compuesto_NoARD,Orujo50,32.14739293244424,Orujo43,orujo,43.0,False,29.877430656382497,0.6723413816974882,6.0319230306031925e-05,-2.2699622760617437
Proteina,Maximizar Proteina,FULL_FEATURES,GP_Compuesto_NoARD,Orujo50,32.14739293244424,Orujo44,orujo,44.0,False,29.78948573536704,0.6629125247979567,2.9047851320462728e-05,-2.3579071970772
Proteina,Maximizar Proteina,FULL_FEATURES,GP_Compuesto_NoARD,Orujo50,32.14739293244424,Orujo45,orujo,45.0,False,29.701765994962734,0.655596535377323,1.4042852213462992e-05,-2.4456269374815065
Proteina,Maximizar Proteina,FULL_FEATURES,GP_Compuesto_NoARD,Orujo50,32.14739293244424,Orujo46,orujo,46.0,False,29.61428571709686,0.6504621267387947,6.909695355186975e-06,-2.533107215347382
Proteina,Maximizar Proteina,FULL_FEATURES,GP_Compuesto_NoARD,Orujo50,32.14739293244424,Orujo47,orujo,47.0,False,29.52700021522506,0.6475705388573729,3.509989150733838e-06,-2.6203927172191825
Proteina,Maximizar Proteina,FULL_FEATURES,GP_Compuesto_NoARD,Orujo50,32.14739293244424,Orujo48,orujo,48.0,False,29.43975802228285,0.646984952331306,1.8664085004437838e-06,-2.707634910161392
Proteina,Maximizar Proteina,FULL_FEATURES,GP_Compuesto_NoARD,Orujo50,32.14739293244424,Orujo49,orujo,49.0,False,29.35225684039689,0.648779928665171,1.0520591145378017e-06,-2.7951360920473505
Proteina,Maximizar Proteina,FULL_FEATURES,GP_Compuesto_NoARD,Orujo50,32.14739293244424,Orujo50,orujo,50.0,True,29.2640745218881,0.6530336258049863,6.35344959419719e-07,-2.8833184105561394
Proteina,Maximizar Proteina,FULL_FEATURES,GP_Compuesto_NoARD,Orujo50,32.14739293244424,Orujo51,orujo,51.0,False,29.231596628786033,0.6480658052381124,4.1870548190139784e-07,-2.915796303658208
Proteina,Maximizar Proteina,FULL_FEATURES,GP_Compuesto_NoARD,Orujo50,32.14739293244424,Orujo52,orujo,52.0,False,29.198740375249482,0.6444558690927135,2.855846411082584e-07,-2.948652557194759
Proteina,Maximizar Proteina,FULL_FEATURES,GP_Compuesto_NoARD,Orujo50,32.14739293244424,Orujo53,orujo,53.0,False,29.165637908606154,0.6421932412333597,2.0269560256406774e-07,-2.9817550238380868
Proteina,Maximizar Proteina,FULL_FEATURES,GP_Compuesto_NoARD,Orujo50,32.14739293244424,Orujo54,orujo,54.0,False,29.132417464606725,0.6412602610211087,1.5039573678942376e-07,-3.014975467837516
Proteina,Maximizar Proteina,FULL_FEATURES,GP_Compuesto_NoARD,Orujo50,32.14739293244424,Orujo55,orujo,55.0,False,29.09917678713112,0.6416382135493951,1.1707962624442629e-07,-3.04821614531312
Proteina,Maximizar Proteina,FULL_FEATURES,GP_Compuesto_NoARD,Orujo50,32.14739293244424,Orujo56,orujo,56.0,False,29.06597900579761,0.6433081556028171,9.586844775821498e-08,-3.081413926646629
Proteina,Maximizar Proteina,FULL_FEATURES,GP_Compuesto_NoARD,Orujo50,32.14739293244424,Orujo57,orujo,57.0,False,29.03285757078504,0.6462497264643441,8.267974355876007e-08,-3.1145353616592004
Proteina,Maximizar Proteina,FULL_FEATURES,GP_Compuesto_NoARD,Orujo50,32.14739293244424,Orujo58,orujo,58.0,False,28.999823739949708,0.6504395662676965,7.511188440503299e-08,-3.147569192494533
Proteina,Maximizar Proteina,FULL_FEATURES,GP_Compuesto_NoARD,Orujo50,32.14739293244424,Orujo59,orujo,59.0,False,28.966873775291788,0.6558500823779294,7.180522629404346e-08,-3.180519157152453
Proteina,Maximizar Proteina,FULL_FEATURES,GP_Compuesto_NoARD,Orujo50,32.14739293244424,Orujo60,orujo,60.0,False,28.933994871266453,0.6624488410662054,7.20831869262082e-08,-3.213398061177788
Proteina,Maximizar Proteina,FULL_FEATURES,GP_Compuesto_NoARD,Orujo50,32.14739293244424,Orujo61,orujo,61.0,False,28.90116973124365,0.6701986428706306,7.576122988089441e-08,-3.246223201200589
Proteina,Maximizar Proteina,FULL_FEATURES,GP_Compuesto_NoARD,Orujo50,32.14739293244424,Orujo62,orujo,62.0,False,28.868380094326202,0.6790582560679858,8.306188673263407e-08,-3.279012838118039
Proteina,Maximizar Proteina,FULL_FEATURES,GP_Compuesto_NoARD,Orujo50,32.14739293244424,Orujo63,orujo,63.0,False,28.835609643841178,0.6889837661090631,9.460396328629797e-08,-3.3117832886030634
Proteina,Maximizar Proteina,FULL_FEATURES,GP_Compuesto_NoARD,Orujo50,32.14739293244424,Orujo64,orujo,64.0,False,28.802846724827162,0.6999305043026449,1.1145318970235044e-07,-3.3445462076170784
Proteina,Maximizar Proteina,FULL_FEATURES,GP_Compuesto_NoARD,Orujo50,32.14739293244424,Orujo65,orujo,65.0,False,28.770087202137535,0.7118555065873594,1.3523572908199946e-07,-3.3773057303067056
Proteina,Maximizar Proteina,FULL_FEATURES,GP_Compuesto_NoARD,Orujo50,32.14739293244424,Orujo66,orujo,66.0,False,28.73733758004273,0.7247203726817267,1.683291566852573e-07,-3.4100553524015105
Proteina,Maximizar Proteina,FULL_FEATURES,GP_Compuesto_NoARD,Orujo50,32.14739293244424,Orujo67,orujo,67.0,False,28.704618085774758,0.738494168198147,2.1416006287791976e-07,-3.442774846669483
Proteina,Maximizar Proteina,FULL_FEATURES,GP_Compuesto_NoARD,Orujo50,32.14739293244424,Orujo68,orujo,68.0,False,28.671964603613493,0.7531555049300639,2.7765183369643894e-07,-3.4754283288307484
Proteina,Maximizar Proteina,FULL_FEATURES,GP_Compuesto_NoARD,Orujo50,32.14739293244424,Orujo69,orujo,69.0,False,28.639426788350868,0.768691927604272,3.658670950182848e-07,-3.5079661440933734
Proteina,Maximizar Proteina,FULL_FEATURES,GP_Compuesto_NoARD,Orujo50,32.14739293244424,Orujo70,orujo,70.0,True,28.607056785216503,0.785092874721201,4.888275657097867e-07,-3.5403361472277375
Proteina,Maximizar Proteina,FULL_FEATURES,GP_Compuesto_NoARD,Orujo50,32.14739293244424,Orujo71,orujo,71.0,False,28.513541974984065,0.793980732543122,3.5463572441779684e-07,-3.633850957460176
Proteina,Maximizar Proteina,FULL_FEATURES,GP_Compuesto_NoARD,Orujo50,32.14739293244424,Orujo72,orujo,72.0,False,28.42028786696231,0.8042712417342515,2.697752448410943e-07,-3.7271050654819327
Proteina,Maximizar Proteina,FULL_FEATURES,GP_Compuesto_NoARD,Orujo50,32.14739293244424,Orujo73,orujo,73.0,False,28.32715074410139,0.8158235535048309,2.1431289517169494e-07,-3.8202421883428492
Proteina,Maximizar Proteina,FULL_FEATURES,GP_Compuesto_NoARD,Orujo50,32.14739293244424,Orujo74,orujo,74.0,False,28.23401937225979,0.8285156414175513,1.7708095097312068e-07,-3.91337356018445
Proteina,Maximizar Proteina,FULL_FEATURES,GP_Compuesto_NoARD,Orujo50,32.14739293244424,Orujo75,orujo,75.0,False,28.140830587163208,0.8422554701147107,1.5167987324466833e-07,-4.006562345281033
Proteina,Maximizar Proteina,FULL_FEATURES,GP_Compuesto_NoARD,Orujo50,32.14739293244424,Orujo76,orujo,76.0,False,28.04755866476133,0.8569742850289471,1.343151027015259e-07,-4.099834267682912
Proteina,Maximizar Proteina,FULL_FEATURES,GP_Compuesto_NoARD,Orujo50,32.14739293244424,Orujo77,orujo,77.0,False,27.954200812057067,0.8726172091094774,1.2266012106669217e-07,-4.193192120387174
Proteina,Maximizar Proteina,FULL_FEATURES,GP_Compuesto_NoARD,Orujo50,32.14739293244424,Orujo78,orujo,78.0,False,27.86076568801598,0.8891358447739038,1.1525009122887369e-07,-4.28662724442826
Proteina,Maximizar Proteina,FULL_FEATURES,GP_Compuesto_NoARD,Orujo50,32.14739293244424,Orujo79,orujo,79.0,False,27.76726599550175,0.906483548554665,1.111475474361329e-07,-4.380126936942492
Proteina,Maximizar Proteina,FULL_FEATURES,GP_Compuesto_NoARD,Orujo50,32.14739293244424,Orujo80,orujo,80.0,False,27.673714344818315,0.9246128249246214,1.097504186915445e-07,-4.473678587625926
Proteina,Maximizar Proteina,FULL_FEATURES,GP_Compuesto_NoARD,Orujo50,32.14739293244424,Orujo81,orujo,81.0,False,27.580121302375012,0.943474163782997,1.1067705779773452e-07,-4.567271630069229
Proteina,Maximizar Proteina,FULL_FEATURES,GP_Compuesto_NoARD,Orujo50,32.14739293244424,Orujo82,orujo,82.0,False,27.48649475512939,0.9630159007917131,1.1369480868205854e-07,-4.660898177314852
Proteina,Maximizar Proteina,FULL_FEATURES,GP_Compuesto_NoARD,Orujo50,32.14739293244424,Orujo83,orujo,83.0,False,27.39284003608231,0.9831850462283658,1.1867502383546285e-07,-4.754552896361933
Proteina,Maximizar Proteina,FULL_FEATURES,GP_Compuesto_NoARD,Orujo50,32.14739293244424,Orujo84,orujo,84.0,False,27.29916053515883,1.0039294275473294,1.2556682087269258e-07,-4.848232397285411
Proteina,Maximizar Proteina,FULL_FEATURES,GP_Compuesto_NoARD,Orujo50,32.14739293244424,Orujo85,orujo,85.0,False,27.205458732993215,1.025201884899687,1.3438843181918674e-07,-4.941934199451026
Proteina,Maximizar Proteina,FULL_FEATURES,GP_Compuesto_NoARD,Orujo50,32.14739293244424,Orujo86,orujo,86.0,False,27.111737731652724,1.046967529673361,1.4524063320134504e-07,-5.035655200791517
Proteina,Maximizar Proteina,FULL_FEATURES,GP_Compuesto_NoARD,Orujo50,32.14739293244424,Orujo87,orujo,87.0,False,27.018003369916205,1.069214844362073,1.5835127943632956e-07,-5.129389562528036
Proteina,Maximizar Proteina,FULL_FEATURES,GP_Compuesto_NoARD,Orujo50,32.14739293244424,Orujo88,orujo,88.0,False,26.92426675178934,1.0919696605067135,1.7415945546569782e-07,-5.223126180654901
Proteina,Maximizar Proteina,FULL_FEATURES,GP_Compuesto_NoARD,Orujo50,32.14739293244424,Orujo89,orujo,89.0,False,26.83054610677542,1.1153054121165664,1.9342851722306753e-07,-5.316846825668822
Proteina,Maximizar Proteina,FULL_FEATURES,GP_Compuesto_NoARD,Orujo50,32.14739293244424,Orujo90,orujo,90.0,True,26.736864474624934,1.1393282768951174,2.1729699755772168e-07,-5.410528457819307
Proteina,Maximizar Proteina,FULL_FEATURES,GP_Compuesto_NoARD,Orujo50,32.14739293244424,Quinoa15,quinoa,15.0,True,30.81223968980797,0.8085839463726496,0.016150651150625195,-1.3351532426362702
Proteina,Maximizar Proteina,FULL_FEATURES,GP_Compuesto_NoARD,Orujo50,32.14739293244424,Quinoa16,quinoa,16.0,False,30.76949958576836,0.7992698447430991,0.013367401236439501,-1.3778933466758794
Proteina,Maximizar Proteina,FULL_FEATURES,GP_Compuesto_NoARD,Orujo50,32.14739293244424,Quinoa17,quinoa,17.0,False,30.72676119370058,0.7910479877412884,0.011052567910987882,-1.420631738743662
Proteina,Maximizar Proteina,FULL_FEATURES,GP_Compuesto_NoARD,Orujo50,32.14739293244424,Quinoa18,quinoa,18.0,False,30.68402257187648,0.7839221316232063,0.0091385264433059,-1.4633703605677617
Proteina,Maximizar Proteina,FULL_FEATURES,GP_Compuesto_NoARD,Orujo50,32.14739293244424,Quinoa19,quinoa,19.0,False,30.641281698537107,0.7778915288602506,0.007563895676978238,-1.5061112339071343
Proteina,Maximizar Proteina,FULL_FEATURES,GP_Compuesto_NoARD,Orujo50,32.14739293244424,Quinoa20,quinoa,20.0,False,30.59853681649861,0.7729562531983694,0.006274259172060252,-1.5488561159456324
Proteina,Maximizar Proteina,FULL_FEATURES,GP_Compuesto_NoARD,Orujo50,32.14739293244424,Quinoa21,quinoa,21.0,False,30.555786592847628,0.7691187477347307,0.005222148580198111,-1.5916063395966127
Proteina,Maximizar Proteina,FULL_FEATURES,GP_Compuesto_NoARD,Orujo50,32.14739293244424,Quinoa22,quinoa,22.0,False,30.513030213014993,0.7663836648397867,0.004366689021422374,-1.634362719429248
Proteina,Maximizar Proteina,FULL_FEATURES,GP_Compuesto_NoARD,Orujo50,32.14739293244424,Quinoa23,quinoa,23.0,False,30.470267477522572,0.7647571826372077,0.003673090807936017,-1.6771254549216685
Proteina,Maximizar Proteina,FULL_FEATURES,GP_Compuesto_NoARD,Orujo50,32.14739293244424,Quinoa24,quinoa,24.0,False,30.427498937155303,0.7642464312982272,0.0031120713496773124,-1.7198939952889383
Proteina,Maximizar Proteina,FULL_FEATURES,GP_Compuesto_NoARD,Orujo50,32.14739293244424,Quinoa25,quinoa,25.0,False,30.384726077043773,0.7648593060223211,0.0026592489396338043,-1.762666855400468
Proteina,Maximizar Proteina,FULL_FEATURES,GP_Compuesto_NoARD,Orujo50,32.14739293244424,Quinoa26,quinoa,26.0,False,30.34195153221902,0.7666046771782774,0.002294533811541686,-1.8054414002252201
Proteina,Maximizar Proteina,FULL_FEATURES,GP_Compuesto_NoARD,Orujo50,32.14739293244424,Quinoa27,quinoa,27.0,False,30.299179275476874,0.7694927426020667,0.0020015343312246824,-1.848213656967367
Proteina,Maximizar Proteina,FULL_FEATURES,GP_Compuesto_NoARD,Orujo50,32.14739293244424,Quinoa28,quinoa,28.0,False,30.256414647757552,0.7735349144413265,0.0017669894707559447,-1.890978284686689
Proteina,Maximizar Proteina,FULL_FEATURES,GP_Compuesto_NoARD,Orujo50,32.14739293244424,Quinoa29,quinoa,29.0,False,30.213663979007734,0.7787420915393047,0.0015802294657997727,-1.933728953436507
Proteina,Maximizar Proteina,FULL_FEATURES,GP_Compuesto_NoARD,Orujo50,32.14739293244424,Quinoa30,quinoa,30.0,True,30.17093333813098,0.7851193076216533,0.001432652989886334,-1.976459594313262
Proteina,Maximizar Proteina,FULL_FEATURES,GP_Compuesto_NoARD,Orujo50,32.14739293244424,Quinoa31,quinoa,31.0,False,30.125863482921275,0.7846303222693319,0.001188901466528624,-2.0215294495229656
Proteina,Maximizar Proteina,FULL_FEATURES,GP_Compuesto_NoARD,Orujo50,32.14739293244424,Quinoa32,quinoa,32.0,False,30.0808157185808,0.7852869609775758,0.000997310528904085,-2.0665772138634395
Proteina,Maximizar Proteina,FULL_FEATURES,GP_Compuesto_NoARD,Orujo50,32.14739293244424,Quinoa33,quinoa,33.0,False,30.035785408206184,0.7870618493901443,0.0008464420642397569,-2.1116075242380568
Proteina,Maximizar Proteina,FULL_FEATURES,GP_Compuesto_NoARD,Orujo50,32.14739293244424,Quinoa34,quinoa,34.0,False,29.990767794727173,0.7899216520892045,0.0007273575589390943,-2.156625137717068
Proteina,Maximizar Proteina,FULL_FEATURES,GP_Compuesto_NoARD,Orujo50,32.14739293244424,Quinoa35,quinoa,35.0,False,29.945759194141637,0.7938324411426062,0.0006331518411622312,-2.201633738302604
Proteina,Maximizar Proteina,FULL_FEATURES,GP_Compuesto_NoARD,Orujo50,32.14739293244424,Quinoa36,quinoa,36.0,False,29.900757355934342,0.7987615382836802,0.0005585164054415191,-2.246635576509899
Proteina,Maximizar Proteina,FULL_FEATURES,GP_Compuesto_NoARD,Orujo50,32.14739293244424,Quinoa37,quinoa,37.0,False,29.855761409458967,0.8046776599505413,0.0004993753698226385,-2.2916315229852735
Proteina,Maximizar Proteina,FULL_FEATURES,GP_Compuesto_NoARD,Orujo50,32.14739293244424,Quinoa38,quinoa,38.0,False,29.810771620598707,0.8115504123227044,0.00045259764746090683,-2.3366213118455335
Proteina,Maximizar Proteina,FULL_FEATURES,GP_Compuesto_NoARD,Orujo50,32.14739293244424,Quinoa39,quinoa,39.0,False,29.76578906742472,0.8193497037083444,0.00041577518246974695,-2.381603865019521
Proteina,Maximizar Proteina,FULL_FEATURES,GP_Compuesto_NoARD,Orujo50,32.14739293244424,Quinoa40,quinoa,40.0,False,29.72081527589078,0.8280453605410977,0.00038705422495620076,-2.4265776565534622
Proteina,Maximizar Proteina,FULL_FEATURES,GP_Compuesto_NoARD,Orujo50,32.14739293244424,Quinoa41,quinoa,41.0,False,29.67585181798671,0.8376070776619227,0.00036500776485622966,-2.47154111445753
Proteina,Maximizar Proteina,FULL_FEATURES,GP_Compuesto_NoARD,Orujo50,32.14739293244424,Quinoa42,quinoa,42.0,False,29.63089985447805,0.8480047524685593,0.0003485394890836084,-2.5164930779661923
Proteina,Maximizar Proteina,FULL_FEATURES,GP_Compuesto_NoARD,Orujo50,32.14739293244424,Quinoa43,quinoa,43.0,False,29.58595959748432,0.8592092098740987,0.00033681184725756685,-2.561433334959922
Proteina,Maximizar Proteina,FULL_FEATURES,GP_Compuesto_NoARD,Orujo50,32.14739293244424,Quinoa44,quinoa,44.0,False,29.541029674682946,0.871193293096268,0.0003291926433797365,-2.606363257761295
Proteina,Maximizar Proteina,FULL_FEATURES,GP_Compuesto_NoARD,Orujo50,32.14739293244424,Quinoa45,quinoa,45.0,False,29.49610640194815,0.8839332483540459,0.0003252159275798981,-2.6512865304960904
Proteina,Maximizar Proteina,FULL_FEATURES,GP_Compuesto_NoARD,Orujo50,32.14739293244424,Quinoa46,quinoa,46.0,False,29.451183026314922,0.8974102393809323,0.0003245538135914893,-2.6962099061293188
Proteina,Maximizar Proteina,FULL_FEATURES,GP_Compuesto_NoARD,Orujo50,32.14739293244424,Quinoa47,quinoa,47.0,False,29.406249107268735,0.9116116483505151,0.000326996108808882,-2.741143825175506
Proteina,Maximizar Proteina,FULL_FEATURES,GP_Compuesto_NoARD,Orujo50,32.14739293244424,Quinoa48,quinoa,48.0,False,29.361290396878065,0.9265314907252818,0.0003324340900958899,-2.786102535566176
Proteina,Maximizar Proteina,FULL_FEATURES,GP_Compuesto_NoARD,Orujo50,32.14739293244424,Quinoa49,quinoa,49.0,False,29.31628991607592,0.9421686976549378,0.0003408429209839142,-2.8311030163683206
Proteina,Maximizar Proteina,FULL_FEATURES,GP_Compuesto_NoARD,Orujo50,32.14739293244424,Quinoa50,quinoa,50.0,True,29.27123149855234,0.9585210570396392,0.0003522532062810151,-2.8761614338919017
