feature_mode,target,target_col,model,n_folds,n_samples,mae_macro_mean,mae_macro_std,rmse_macro_mean,rmse_macro_std,r2_macro_mean,r2_macro_std,nlpd_macro_mean,nlpd_macro_std,coverage_95_macro_mean,coverage_95_macro_std
REDUCED_FEATURES,FCR,FCR,Dummy,11,31,0.29077656801983903,0.14893284373110122,0.3169790551342296,0.1666981772594003,-86.66528246705269,267.44299373784327,,,,
REDUCED_FEATURES,FCR,FCR,GP_Linear,11,31,0.2702271382377993,0.11019756120236275,0.3096596579632091,0.1316160793384112,-107.11797166073366,337.66302961321594,0.7873251528231834,1.1178833418270937,0.7727272727272727,0.35176323534072423
REDUCED_FEATURES,FCR,FCR,GP_RBF_NoARD,11,31,0.2499353468132739,0.1349577865882045,0.2818942655103099,0.15509277865838486,-77.30953106235864,248.59251576898998,2.9579003096416,4.0251765201570295,0.5454545454545454,0.39504506839170395
REDUCED_FEATURES,FCR,FCR,GP_Matern32_NoARD,11,31,0.2527738278565729,0.13833877588379934,0.28497306207805784,0.1573017390371811,-80.75264382280987,260.03198056873913,2.726091545770593,3.89780591749758,0.5454545454545454,0.39504506839170395
REDUCED_FEATURES,FCR,FCR,GP_Matern52_NoARD,11,31,0.25148885917932146,0.13688578892705483,0.28350313133846167,0.15647976143626624,-78.82432751272488,253.64959423130173,2.905141865744018,4.0387472272687175,0.5454545454545454,0.39504506839170395
REDUCED_FEATURES,FCR,FCR,GP_Compuesto_NoARD,11,31,0.24813247656865609,0.13057426484888912,0.2808624022544852,0.1504815719647442,-84.98560410681706,273.5401623732398,3.8970419052805254,5.392565459075853,0.5757575757575757,0.3279874350882326
REDUCED_FEATURES,FCR,FCR,GP_RBF_ARD,11,31,0.24666348890673248,0.12687882751613883,0.2812810945742148,0.14737634627209284,-74.57667669112601,241.1213472921191,5.900079873811763,11.153445382479886,0.5303030303030303,0.40012624270473707
REDUCED_FEATURES,TPC,TPC_larva_media,Dummy,11,33,0.07602881821296352,0.059793250250867076,0.07602881821296352,0.059793250250867076,-2.528457718142388e+28,8.385945549356491e+28,,,,
REDUCED_FEATURES,TPC,TPC_larva_media,GP_Linear,11,33,0.11126087341818319,0.08280578411206616,0.11126087341818319,0.08280578411206616,-8.230506725792086e+28,2.7297502643948887e+29,1.8891658667777629,5.2393410249307335,0.5454545454545454,0.5222329678670935
REDUCED_FEATURES,TPC,TPC_larva_media,GP_RBF_NoARD,11,33,0.07492997379561316,0.062307568122971814,0.07492997379561316,0.0623075681229718,-1.4036422970242867e+28,4.655354839102147e+28,-0.21834927452167696,3.220956855347829,0.8181818181818182,0.40451991747794525
REDUCED_FEATURES,TPC,TPC_larva_media,GP_Matern32_NoARD,11,33,0.07254601931473066,0.061869382293602386,0.07254601931473066,0.061869382293602386,-1.466233619658599e+28,4.862946771412241e+28,-0.2879568907470736,3.2247458546837184,0.9090909090909091,0.30151134457776363
REDUCED_FEATURES,TPC,TPC_larva_media,GP_Matern52_NoARD,11,33,0.07333059062051174,0.062023249260175654,0.07333059062051174,0.062023249260175654,-1.4463245703260812e+28,4.796915924843603e+28,-0.26811059961833805,3.2230276924866574,0.9090909090909091,0.30151134457776363
REDUCED_FEATURES,TPC,TPC_larva_media,GP_Compuesto_NoARD,11,33,0.08923440737321711,0.06910699541576215,0.08923440737321711,0.06910699541576215,-1.637608960508396e+28,5.431334475330283e+28,0.47838257256444866,4.639475182713613,0.8181818181818182,0.40451991747794525
REDUCED_FEATURES,TPC,TPC_larva_media,GP_Matern32_ARD,11,33,0.08541247970161646,0.07103332776960064,0.08541247970161646,0.07103332776960064,-8.443169089321439e+28,2.8002823910805908e+29,84.89500769431181,225.04323441229403,0.45454545454545453,0.5222329678670934
REDUCED_FEATURES,Quitina,QUITINA (%),Dummy,11,33,2.2927375204010363,1.942537363398528,2.499819604575578,1.9760855603477054,-15.237192341329331,26.70152365399144,,,,
REDUCED_FEATURES,Quitina,QUITINA (%),GP_Linear,11,33,2.0841366396233023,1.8893722152979597,2.258986034213747,1.9794516883429711,-10.67430008481616,16.442222665352,2.7144180230229416,1.9150493916928315,0.8484848484848485,0.3452418271182089
REDUCED_FEATURES,Quitina,QUITINA (%),GP_RBF_NoARD,11,33,1.9646051524764934,1.5945526862628303,2.0655640429057804,1.5944174983168653,-17.48572586262532,35.057033627226616,3.5280062959557315,4.799787259120785,0.7272727272727273,0.4168181542799854
REDUCED_FEATURES,Quitina,QUITINA (%),GP_Matern32_NoARD,11,33,1.9935131886106825,1.6332888242423373,2.0905648030388537,1.6253570385725427,-18.14219359882267,35.27251706129541,2.522426452845374,1.679053621565457,0.8484848484848484,0.34524182711820883
REDUCED_FEATURES,Quitina,QUITINA (%),GP_Matern52_NoARD,11,33,1.9927935273181108,1.627610023864262,2.092987098582075,1.6210843988795065,-18.494955710614672,36.48572927733697,2.555942990519281,1.7858982472087797,0.8181818181818182,0.34524182711820883
REDUCED_FEATURES,Quitina,QUITINA (%),GP_Compuesto_NoARD,11,33,1.939241586970596,1.6823960144296535,2.084006482752259,1.7893099092995481,-10.68590232730463,18.39865089967687,2.954585768450863,2.5548717914361023,0.6969696969696969,0.4070092943122622
REDUCED_FEATURES,Quitina,QUITINA (%),GP_RBF_ARD,11,33,2.579808782568301,1.6514705135786911,2.713658650217721,1.6372911091209175,-35.39186358481741,80.76818344866395,3.9672863889511643,3.6012869029641212,0.7272727272727273,0.4168181542799854
REDUCED_FEATURES,Proteina,PROTEINA (%),Dummy,11,33,3.0836443066377295,1.8268317644182432,3.217431804553174,1.8155119266723894,-34.270012620217024,49.72746595307042,,,,
REDUCED_FEATURES,Proteina,PROTEINA (%),GP_Linear,11,33,2.4263697769766868,1.5572868987709854,2.5065182382488276,1.5676470108859355,-14.318442669798863,20.576515782513734,2.845182288013399,1.1454603674590227,0.7272727272727273,0.3892494720807615
REDUCED_FEATURES,Proteina,PROTEINA (%),GP_RBF_NoARD,11,33,2.463137703773004,1.6356374084198362,2.690864772411587,1.5372291993982805,-20.615470639384714,29.254510907032625,2.839214458341051,1.3308593207458634,0.7878787878787878,0.3423035453683137
REDUCED_FEATURES,Proteina,PROTEINA (%),GP_Matern32_NoARD,11,33,2.416199119971031,1.6680173692970286,2.619408050753637,1.5984813472126804,-19.92259918310613,30.757596264570644,2.7596987360057974,1.161809506041239,0.7575757575757575,0.33634998607300864
REDUCED_FEATURES,Proteina,PROTEINA (%),GP_Matern52_NoARD,11,33,2.4163264920654908,1.655295028229303,2.631604400964471,1.5732591387212425,-19.80388237651203,29.800047002175397,2.8155713214018916,1.2478869709374016,0.7272727272727273,0.3892494720807615
REDUCED_FEATURES,Proteina,PROTEINA (%),GP_Compuesto_NoARD,11,33,2.024784837962031,1.3795976180341374,2.134881205184475,1.369932244881234,-9.043573772015636,11.43717628769088,3.4112414079565294,2.870199050219686,0.6666666666666666,0.39440531887330776
REDUCED_FEATURES,Proteina,PROTEINA (%),GP_Matern32_ARD,11,33,2.5200312943350536,2.133300287447155,2.679775359321335,2.0690580385786506,-21.225981118531408,31.550131452114087,3.6133632432784903,4.510710929298244,0.8181818181818182,0.34524182711820883
FULL_FEATURES,FCR,FCR,Dummy,11,31,0.29077656801983903,0.14893284373110122,0.3169790551342296,0.1666981772594003,-86.66528246705269,267.44299373784327,,,,
FULL_FEATURES,FCR,FCR,GP_Linear,11,31,0.313034187391793,0.14047651098715397,0.35435310872178494,0.16069128972969413,-132.7531814405212,415.7529450464591,0.7259368133398865,0.8069144510419706,0.7727272727272727,0.35176323534072423
FULL_FEATURES,FCR,FCR,GP_RBF_NoARD,11,31,0.2515277137273408,0.14152882430505406,0.28317847064560886,0.16188697831015228,-72.42335209508842,232.97161624539652,1.6245300167306396,2.3563676555036754,0.6212121212121212,0.4088663805838249
FULL_FEATURES,FCR,FCR,GP_Matern32_NoARD,11,31,0.25846505347889237,0.13742359336287036,0.2898803235618477,0.15682615239142278,-76.03791511075396,242.26538451653533,1.6389422514339076,1.8266878543401226,0.5757575757575757,0.38989768147579695
FULL_FEATURES,FCR,FCR,GP_Matern52_NoARD,11,31,0.26045563963888657,0.14828307042426414,0.29235069318322304,0.16516930982363026,-74.46613224312486,237.21162617128806,2.286282090402182,3.25646223188772,0.6212121212121212,0.4088663805838249
FULL_FEATURES,FCR,FCR,GP_Compuesto_NoARD,11,31,0.2447419519850575,0.12726874470683006,0.2781884382990458,0.1482001167558412,-74.12341808652624,238.26443197682272,3.869003481092339,4.651635047848724,0.45454545454545453,0.3340900501603746
FULL_FEATURES,FCR,FCR,GP_Matern52_ARD,11,31,0.28110721738161065,0.1511054879196591,0.3156514482904583,0.16534681063756404,-134.15239512156583,434.8716380238673,3.3779447408624987,6.827972111237299,0.7727272727272727,0.3186144245246149
FULL_FEATURES,TPC,TPC_larva_media,Dummy,11,33,0.07602881821296352,0.059793250250867076,0.07602881821296352,0.059793250250867076,-2.528457718142388e+28,8.385945549356491e+28,,,,
FULL_FEATURES,TPC,TPC_larva_media,GP_Linear,11,33,0.11988304752444132,0.07993079131785633,0.11988304752444132,0.07993079131785633,-2.3126474384581246e+29,7.670183825742129e+29,2.933830614140564,7.730016250222182,0.45454545454545453,0.5222329678670934
FULL_FEATURES,TPC,TPC_larva_media,GP_RBF_NoARD,11,33,0.06578873906098152,0.06510165439546876,0.06578873906098152,0.06510165439546876,-6.27583914302947e+27,2.0814603682054325e+28,-0.38657857339272056,3.253736471624773,0.9090909090909091,0.30151134457776363
FULL_FEATURES,TPC,TPC_larva_media,GP_Matern32_NoARD,11,33,0.07003088821179841,0.06232004278733683,0.07003088821179841,0.06232004278733683,-7.046097350828747e+27,2.336926114901613e+28,-0.3198595790276451,3.223671357764753,0.9090909090909091,0.30151134457776363
FULL_FEATURES,TPC,TPC_larva_media,GP_Matern52_NoARD,11,33,0.07035195600330058,0.06208891081672583,0.07035195600330058,0.06208891081672584,-7.054317152955859e+27,2.339652314852273e+28,-0.32265733161440374,3.2248381385681997,0.9090909090909091,0.30151134457776363
FULL_FEATURES,TPC,TPC_larva_media,GP_Compuesto_NoARD,11,33,0.08120004938450077,0.06584856037009122,0.08120004938450077,0.06584856037009124,-6.014272327978094e+27,1.9947084698920627e+28,0.25383819814961334,4.5499596166085645,0.9090909090909091,0.30151134457776363
FULL_FEATURES,TPC,TPC_larva_media,GP_RBF_ARD,11,33,0.06807319035311665,0.06639314347045737,0.06807319035311665,0.06639314347045737,-4.487227241321441e+27,1.4882449108524764e+28,1.1440350628595002,5.6233035286527135,0.6363636363636364,0.504524979109513
FULL_FEATURES,Quitina,QUITINA (%),Dummy,11,33,2.2927375204010363,1.942537363398528,2.499819604575578,1.9760855603477054,-15.237192341329331,26.70152365399144,,,,
FULL_FEATURES,Quitina,QUITINA (%),GP_Linear,11,33,2.249991538460047,2.0177152243899488,2.3877720515105043,2.1172154517818456,-15.927455861196677,28.659696129554888,3.218041184860499,3.0886170686690244,0.8484848484848485,0.3452418271182089
FULL_FEATURES,Quitina,QUITINA (%),GP_RBF_NoARD,11,33,2.1270626344308963,1.871704266897502,2.2313583221276896,1.8677847084875505,-23.391496023565672,46.317916444947784,3.58840475252933,4.940741116094959,0.7878787878787878,0.3423035453683137
FULL_FEATURES,Quitina,QUITINA (%),GP_Matern32_NoARD,11,33,2.0343694102873786,1.6985697559969049,2.1385215863795275,1.6924536111638655,-19.977125179394196,40.036643311605616,3.3745954448147657,4.162184351444245,0.8181818181818182,0.40451991747794525
FULL_FEATURES,Quitina,QUITINA (%),GP_Matern52_NoARD,11,33,2.0190779223968467,1.6677250961255574,2.12502356019696,1.6646638474615334,-19.83011152693532,40.58270152364441,3.5336874307390613,4.600194095531397,0.7575757575757575,0.3969581307590986
FULL_FEATURES,Quitina,QUITINA (%),GP_Compuesto_NoARD,11,33,1.9404517852811174,1.6795604271785907,2.079985910891925,1.7944713871974365,-11.53363111297329,20.124254787878,3.0066775992127543,2.5123905580537795,0.6969696969696969,0.4070092943122622
FULL_FEATURES,Quitina,QUITINA (%),GP_Matern52_ARD,11,33,2.586260802023161,1.7137769068375954,2.6989875240906698,1.7046969558342266,-33.48970967076022,71.23875156180823,3.2624265082039203,2.1084998837680637,0.6363636363636364,0.4070092943122622
FULL_FEATURES,Proteina,PROTEINA (%),Dummy,11,33,3.0836443066377295,1.8268317644182432,3.217431804553174,1.8155119266723894,-34.270012620217024,49.72746595307042,,,,
FULL_FEATURES,Proteina,PROTEINA (%),GP_Linear,11,33,2.6136398112836443,1.9047195218331305,2.693961629236534,1.9112958934041187,-14.653311705358407,16.74039684617482,3.286396309467605,2.0836710753809196,0.7575757575757575,0.42402591878089224
FULL_FEATURES,Proteina,PROTEINA (%),GP_RBF_NoARD,11,33,2.4009733239616873,1.5571304191686826,2.609130836177533,1.4818849146856845,-19.135915810092754,28.249805751680647,2.9663057774081434,1.6002345864772323,0.7272727272727273,0.4168181542799854
FULL_FEATURES,Proteina,PROTEINA (%),GP_Matern32_NoARD,11,33,2.3095694339818778,1.5961414602271666,2.52452900870504,1.520645321169433,-18.08454764900911,28.427338840743747,2.615412780600652,1.02268538377169,0.7575757575757575,0.33634998607300864
FULL_FEATURES,Proteina,PROTEINA (%),GP_Matern52_NoARD,11,33,2.3181950892825336,1.596832292129901,2.5362850260899066,1.5192098299225598,-18.178900390394425,28.786743434670214,2.6334753566351226,1.0492287082373897,0.7878787878787878,0.30813875924572515
FULL_FEATURES,Proteina,PROTEINA (%),GP_Compuesto_NoARD,11,33,1.9543449265258088,1.204656947249056,2.087514145370959,1.1952083223073473,-8.101083447281763,9.446812067684213,3.7979922114199187,3.6943379908022473,0.6969696969696969,0.4070092943122622
FULL_FEATURES,Proteina,PROTEINA (%),GP_Matern32_ARD,11,33,2.7171530984038386,2.0286460058851645,2.8856887537807934,1.9607157230324543,-22.39822274434928,30.629786957659896,4.198923875259153,3.686464135561804,0.6363636363636364,0.4334498677803327
