n,mae_micro,rmse_micro,r2_micro,bias_true_minus_pred,y_true_mean,y_pred_mean,y_true_min,y_true_max,nmae_by_range,coverage95_micro,mean_pred_std,subset,grouping,feature_mode,include_species_feature,model,n_folds,mae_macro_lodo,mae_macro_lodo_std
66,8.047804134585729,8.581573969274908,-0.015026516095763665,2.6376207615337053e-15,36.96963696845028,36.969636968450274,22.677020960046544,49.74165607410812,0.29735498375163566,,,main_only,diet_name,REDUCED,False,Dummy_GlobalMean,11,8.047804134585729,1.187197496012086
66,2.5758951915927937,3.0285710094588243,0.8735790618540007,4.844609562000683e-16,36.96963696845028,36.96963696845029,22.677020960046544,49.74165607410812,0.09517568519719201,,,main_only,diet_name,REDUCED,False,Dummy_SpeciesMean,11,2.5758951915927937,0.7542549738763293
66,4.554071248039122,5.476870542290253,0.5865638589969591,-0.002080007987827996,36.96963696845028,36.9717169764381,22.677020960046544,49.74165607410812,0.168266493482967,0.7424242424242424,4.046079790424492,main_only,diet_name,REDUCED,False,GP_Compuesto_NoARD,11,4.554071248039123,1.9937931560517184
66,8.047804134585729,8.581573969274908,-0.015026516095763665,2.6376207615337053e-15,36.96963696845028,36.969636968450274,22.677020960046544,49.74165607410812,0.29735498375163566,,,main_only,diet_name,REDUCED,True,Dummy_GlobalMean,11,8.047804134585729,1.187197496012086
66,2.5758951915927937,3.0285710094588243,0.8735790618540007,4.844609562000683e-16,36.96963696845028,36.96963696845029,22.677020960046544,49.74165607410812,0.09517568519719201,,,main_only,diet_name,REDUCED,True,Dummy_SpeciesMean,11,2.5758951915927937,0.7542549738763293
66,1.9963325883142133,2.522380100061488,0.9123070762368871,-0.09209841743817422,36.96963696845028,37.06173538588847,22.677020960046544,49.74165607410812,0.07376166646625167,0.9545454545454546,3.1444142422736725,main_only,diet_name,REDUCED,True,GP_Compuesto_NoARD,11,1.9963325883142127,0.806452124283311
66,8.047804134585729,8.581573969274908,-0.015026516095763665,2.6376207615337053e-15,36.96963696845028,36.969636968450274,22.677020960046544,49.74165607410812,0.29735498375163566,,,main_only,diet_name,FULL,False,Dummy_GlobalMean,11,8.047804134585729,1.187197496012086
66,2.5758951915927937,3.0285710094588243,0.8735790618540007,4.844609562000683e-16,36.96963696845028,36.96963696845029,22.677020960046544,49.74165607410812,0.09517568519719201,,,main_only,diet_name,FULL,False,Dummy_SpeciesMean,11,2.5758951915927937,0.7542549738763293
66,3.760174986827099,4.4785390214779275,0.7235502431226271,0.0183895750768304,36.96963696845028,36.95124739337345,22.677020960046544,49.74165607410812,0.1389331491438981,0.8333333333333334,3.3023138325471897,main_only,diet_name,FULL,False,GP_Compuesto_NoARD,11,3.760174986827099,1.5318039437764397
66,8.047804134585729,8.581573969274908,-0.015026516095763665,2.6376207615337053e-15,36.96963696845028,36.969636968450274,22.677020960046544,49.74165607410812,0.29735498375163566,,,main_only,diet_name,FULL,True,Dummy_GlobalMean,11,8.047804134585729,1.187197496012086
66,2.5758951915927937,3.0285710094588243,0.8735790618540007,4.844609562000683e-16,36.96963696845028,36.96963696845029,22.677020960046544,49.74165607410812,0.09517568519719201,,,main_only,diet_name,FULL,True,Dummy_SpeciesMean,11,2.5758951915927937,0.7542549738763293
66,2.376334216711762,2.909688895299732,0.8833092045372174,-0.06567862417795045,36.96963696845028,37.03531559262823,22.677020960046544,49.74165607410812,0.08780218934032939,0.9545454545454546,3.1265544315907263,main_only,diet_name,FULL,True,GP_Compuesto_NoARD,11,2.3763342167117623,0.8640041150826259
66,8.431032902899334,8.916949394181591,-0.09591303120653416,6.728624391667616e-15,36.96963696845028,36.96963696845028,22.677020960046544,49.74165607410812,0.3115147448826659,,,main_only,species_diet,REDUCED,False,Dummy_GlobalMean,22,8.431032902899332,2.6915797713359213
66,2.5758951915927937,3.0285710094588247,0.8735790618540007,4.844609562000683e-16,36.96963696845028,36.96963696845029,22.677020960046544,49.74165607410812,0.09517568519719201,,,main_only,species_diet,REDUCED,False,Dummy_SpeciesMean,22,2.575895191592794,1.2703428989392491
66,4.894669913103336,5.881147748134811,0.5232752855882503,-0.011635288581010733,36.96963696845028,36.98127225703129,22.677020960046544,49.74165607410812,0.18085113257485907,0.6212121212121212,3.2324681307806444,main_only,species_diet,REDUCED,False,GP_Compuesto_NoARD,22,4.8946699131033355,3.1028273564505984
66,8.431032902899334,8.916949394181591,-0.09591303120653416,6.728624391667616e-15,36.96963696845028,36.96963696845028,22.677020960046544,49.74165607410812,0.3115147448826659,,,main_only,species_diet,REDUCED,True,Dummy_GlobalMean,22,8.431032902899332,2.6915797713359213
66,2.5758951915927937,3.0285710094588247,0.8735790618540007,4.844609562000683e-16,36.96963696845028,36.96963696845029,22.677020960046544,49.74165607410812,0.09517568519719201,,,main_only,species_diet,REDUCED,True,Dummy_SpeciesMean,22,2.575895191592794,1.2703428989392491
66,2.1903997055376507,2.701763334670758,0.8993907076258085,0.01621723232335152,36.96963696845028,36.953419736126925,22.677020960046544,49.74165607410812,0.08093217205058925,0.9696969696969697,2.91060426464744,main_only,species_diet,REDUCED,True,GP_Compuesto_NoARD,22,2.190399705537651,1.2763588537294983
66,8.431032902899334,8.916949394181591,-0.09591303120653416,6.728624391667616e-15,36.96963696845028,36.96963696845028,22.677020960046544,49.74165607410812,0.3115147448826659,,,main_only,species_diet,FULL,False,Dummy_GlobalMean,22,8.431032902899332,2.6915797713359213
66,2.5758951915927937,3.0285710094588247,0.8735790618540007,4.844609562000683e-16,36.96963696845028,36.96963696845029,22.677020960046544,49.74165607410812,0.09517568519719201,,,main_only,species_diet,FULL,False,Dummy_SpeciesMean,22,2.575895191592794,1.2703428989392491
66,4.67315326724378,5.672401778629609,0.5565165103158828,0.013423944522750387,36.96963696845028,36.956213023927525,22.677020960046544,49.74165607410812,0.17266640571909347,0.696969696969697,2.9809835707659293,main_only,species_diet,FULL,False,GP_Compuesto_NoARD,22,4.67315326724378,3.079320118689843
66,8.431032902899334,8.916949394181591,-0.09591303120653416,6.728624391667616e-15,36.96963696845028,36.96963696845028,22.677020960046544,49.74165607410812,0.3115147448826659,,,main_only,species_diet,FULL,True,Dummy_GlobalMean,22,8.431032902899332,2.6915797713359213
66,2.5758951915927937,3.0285710094588247,0.8735790618540007,4.844609562000683e-16,36.96963696845028,36.96963696845029,22.677020960046544,49.74165607410812,0.09517568519719201,,,main_only,species_diet,FULL,True,Dummy_SpeciesMean,22,2.575895191592794,1.2703428989392491
66,2.7484653704551985,3.368650475988654,0.8435932863600253,0.005540519151907227,36.96963696845028,36.96409644929838,22.677020960046544,49.74165607410812,0.10155190930422774,0.9393939393939394,2.9509289546172717,main_only,species_diet,FULL,True,GP_Compuesto_NoARD,22,2.7484653704551985,1.7197961688689634
89,7.035844743280088,7.87313593135027,-0.015988087792039307,-0.012741533043277926,37.2977420215474,37.31048355459068,22.677020960046544,53.591,0.22759427811563532,,,all_rows,diet_name,REDUCED,False,Dummy_GlobalMean,19,6.57094679106763,3.1457178143718014
89,3.7560030795994037,4.695673277982396,0.6385994082743749,-0.003817692064164095,37.2977420215474,37.30155971361157,22.677020960046544,53.591,0.12149853225769214,,,all_rows,diet_name,REDUCED,False,Dummy_SpeciesMean,19,4.26564560833166,2.779705163063569
89,7.093462673362806,7.843809950295738,-0.0084334469184566,0.6260510895736539,37.2977420215474,36.67169093197375,22.677020960046544,53.591,0.22945809286456337,0.8089887640449438,5.244532189289794,all_rows,diet_name,REDUCED,False,GP_Compuesto_NoARD,19,7.013334761691707,2.885731135657841
89,7.035844743280088,7.87313593135027,-0.015988087792039307,-0.012741533043277926,37.2977420215474,37.31048355459068,22.677020960046544,53.591,0.22759427811563532,,,all_rows,diet_name,REDUCED,True,Dummy_GlobalMean,19,6.57094679106763,3.1457178143718014
89,3.7560030795994037,4.695673277982396,0.6385994082743749,-0.003817692064164095,37.2977420215474,37.30155971361157,22.677020960046544,53.591,0.12149853225769214,,,all_rows,diet_name,REDUCED,True,Dummy_SpeciesMean,19,4.26564560833166,2.779705163063569
89,2.823139509752277,3.6782547906006138,0.7782433076707351,0.10566123489278863,37.2977420215474,37.192080786654614,22.677020960046544,53.591,0.09132242426973346,0.9101123595505618,2.9493043471176996,all_rows,diet_name,REDUCED,True,GP_Compuesto_NoARD,19,3.2286834720344224,2.519547707994408
89,7.035844743280088,7.87313593135027,-0.015988087792039307,-0.012741533043277926,37.2977420215474,37.31048355459068,22.677020960046544,53.591,0.22759427811563532,,,all_rows,diet_name,FULL,False,Dummy_GlobalMean,19,6.57094679106763,3.1457178143718014
89,3.7560030795994037,4.695673277982396,0.6385994082743749,-0.003817692064164095,37.2977420215474,37.30155971361157,22.677020960046544,53.591,0.12149853225769214,,,all_rows,diet_name,FULL,False,Dummy_SpeciesMean,19,4.26564560833166,2.779705163063569
89,3.8984206225015128,4.682973841655285,0.6405515788250322,-0.08123938909876914,37.2977420215474,37.37898141064617,22.677020960046544,53.591,0.12610543008595448,0.8202247191011236,3.155163639276797,all_rows,diet_name,FULL,False,GP_Compuesto_NoARD,19,4.080889188490168,2.3769731488253716
89,7.035844743280088,7.87313593135027,-0.015988087792039307,-0.012741533043277926,37.2977420215474,37.31048355459068,22.677020960046544,53.591,0.22759427811563532,,,all_rows,diet_name,FULL,True,Dummy_GlobalMean,19,6.57094679106763,3.1457178143718014
89,3.7560030795994037,4.695673277982396,0.6385994082743749,-0.003817692064164095,37.2977420215474,37.30155971361157,22.677020960046544,53.591,0.12149853225769214,,,all_rows,diet_name,FULL,True,Dummy_SpeciesMean,19,4.26564560833166,2.779705163063569
89,2.845727724135397,3.599476744708478,0.7876404185552626,-0.028130286072542133,37.2977420215474,37.325872307619946,22.677020960046544,53.591,0.09205310388732416,0.9325842696629213,3.033240330766671,all_rows,diet_name,FULL,True,GP_Compuesto_NoARD,19,3.2100526065977912,2.375932028637905
89,7.244031994213976,8.07217865530508,-0.06800834737268446,-0.0036402721139950724,37.29774202154741,37.3013822936614,22.677020960046544,53.591,0.23432868298356982,,,all_rows,species_diet,REDUCED,False,Dummy_GlobalMean,30,7.318335209614444,3.453447064655822
89,3.7560030795994037,4.695673277982396,0.6385994082743749,-0.003817692064164095,37.29774202154741,37.30155971361157,22.677020960046544,53.591,0.12149853225769214,,,all_rows,species_diet,REDUCED,False,Dummy_SpeciesMean,30,3.814314453529741,2.667508298145048
89,7.338862671164358,8.165624676396178,-0.09287865788510796,-0.22839508696844146,37.29774202154741,37.52613710851584,22.677020960046544,53.591,0.23739624917515656,0.7078651685393258,4.765904483929092,all_rows,species_diet,REDUCED,False,GP_Compuesto_NoARD,30,7.371131782499698,3.4147568318752177
89,7.244031994213976,8.07217865530508,-0.06800834737268446,-0.0036402721139950724,37.29774202154741,37.3013822936614,22.677020960046544,53.591,0.23432868298356982,,,all_rows,species_diet,REDUCED,True,Dummy_GlobalMean,30,7.318335209614444,3.453447064655822
89,3.7560030795994037,4.695673277982396,0.6385994082743749,-0.003817692064164095,37.29774202154741,37.30155971361157,22.677020960046544,53.591,0.12149853225769214,,,all_rows,species_diet,REDUCED,True,Dummy_SpeciesMean,30,3.814314453529741,2.667508298145048
89,2.822883633701917,3.67450683267207,0.7786949954183833,-0.0534922090201584,37.29774202154741,37.351234230567556,22.677020960046544,53.591,0.09131414723590262,0.8876404494382022,2.7323800623562797,all_rows,species_diet,REDUCED,True,GP_Compuesto_NoARD,30,2.903790451865601,2.283051674794824
89,7.244031994213976,8.07217865530508,-0.06800834737268446,-0.0036402721139950724,37.29774202154741,37.3013822936614,22.677020960046544,53.591,0.23432868298356982,,,all_rows,species_diet,FULL,False,Dummy_GlobalMean,30,7.318335209614444,3.453447064655822
89,3.7560030795994037,4.695673277982396,0.6385994082743749,-0.003817692064164095,37.29774202154741,37.30155971361157,22.677020960046544,53.591,0.12149853225769214,,,all_rows,species_diet,FULL,False,Dummy_SpeciesMean,30,3.814314453529741,2.667508298145048
89,4.419582529331929,5.312869540531507,0.537351221190647,-0.12406547841951629,37.29774202154741,37.42180749996692,22.677020960046544,53.591,0.14296388451386433,0.6741573033707865,2.8422114485067147,all_rows,species_diet,FULL,False,GP_Compuesto_NoARD,30,4.487411844323676,2.8516575237301813
89,7.244031994213976,8.07217865530508,-0.06800834737268446,-0.0036402721139950724,37.29774202154741,37.3013822936614,22.677020960046544,53.591,0.23432868298356982,,,all_rows,species_diet,FULL,True,Dummy_GlobalMean,30,7.318335209614444,3.453447064655822
89,3.7560030795994037,4.695673277982396,0.6385994082743749,-0.003817692064164095,37.29774202154741,37.30155971361157,22.677020960046544,53.591,0.12149853225769214,,,all_rows,species_diet,FULL,True,Dummy_SpeciesMean,30,3.814314453529741,2.667508298145048
89,3.0381518006323343,3.785488375582434,0.7651249149372918,-0.08979820117435418,37.29774202154741,37.38754022272175,22.677020960046544,53.591,0.09827760433898866,0.9325842696629213,2.8044004105909974,all_rows,species_diet,FULL,True,GP_Compuesto_NoARD,30,3.118942159327517,2.1799792662738287
